MPN,Ingram Code,Apx Model,Brand,Product,Item Code
MWM92HN/A,GD103W332M3,MWM92HN/A iPhone 11 256GB - Red:Apple:M-Mobile,Apple,M-Mobile,33907
MWMA2HN/A,GD103W333M3,MWMA2HN/A iPhone 11 256GB - Yellow:Apple:M-Mobile,Apple,M-Mobile,33908
MRY52HN/A,GD103U111M3,I PHONE XR 64GB - White:Apple:M-Mobile,Apple,M-Mobile,27860
MRY62HN/A,GD103U112E1,I PHONE XR 64GB - Red:Apple:M-Mobile,Apple,M-Mobile,27861
MRY72HN/A,GD103U113E1,MRY72HN/A iPhone XR 64GB - Yellow:Apple:M-Mobile,Apple,M-Mobile,33909
MRY82HN/A,GD103U114M1,MRY82HN/A iPhone XR 64GB - Coral:Apple:M-Mobile,Apple,M-Mobile,33910
MRYA2HN/A,GD103U115E1,I PHONE XR 64GB - Blue:Apple:M-Mobile,Apple,M-Mobile,27864
MRY92HN/A,GD103U125M1,I PHONE XR 128GB - Black:Apple:M-Mobile,Apple,M-Mobile,27865
MRYD2HN/A,GD103U116E2,I PHONE XR 128GB - White:Apple:M-Mobile,Apple,M-Mobile,27866
MRYE2HN/A,GD103U126E1,I PHONE XR 128GB - Red:Apple:M-Mobile,Apple,M-Mobile,27867
MRYF2HN/A,GD103U117M1,I PHONE XR 128GB - Yellow:Apple:M-Mobile,Apple,M-Mobile,27868
MRYG2HN/A,GD103U118M3,I PHONE XR 128GB - Coral:Apple:M-Mobile,Apple,M-Mobile,27869
MRYH2HN/A,GD103U119E1,I PHONE XR 128GB - Blue:Apple:M-Mobile,Apple,M-Mobile,27870
MX9U2HN/A,GD103Y123M3,I PHONE SE 2020 64GB - Red:Apple:M-Mobile,Apple,M-Mobile,30557
MXD02HN/A,GD103Y124M1,I PHONE SE 2020 128GB - Black:Apple:M-Mobile,Apple,M-Mobile,30558
MXD12HN/A,GD103Y117M1,I PHONE SE 2020 128GB - White:Apple:M-Mobile,Apple,M-Mobile,30559
MXD22HN/A,GD103Y118M1,I PHONE SE 2020 128GB - Red:Apple:M-Mobile,Apple,M-Mobile,30560
MXVT2HN/A,GD103Y120M1,I PHONE SE 2020 256GB - Black:Apple:M-Mobile,Apple,M-Mobile,30561
MXVU2HN/A,GD103Y119M3,I PHONE SE 2020 256GB - White:Apple:M-Mobile,Apple,M-Mobile,30562
MXVV2HN/A,GD103Y116M1,MXVV2HN/A iPhone SE 256GB - Red:Apple:M-Mobile,Apple,M-Mobile,33911
MY252HN/A,GD103X650M1,MY252HN/A - 11-inch iPad Pro Wi Fi (2nd Gen) - 128GB - Silver:Apple:M-PAD,Apple,M-PAD,30731
MY2H2HN/A,GD103X651M1,MY2H2HN/A - 12.9-inch iPad Pro Wi Fi (4nd Gen) - 128GB - Space Grey:Apple:M-PAD,Apple,M-PAD,30758
MY2J2HN/A,GD103X652M1,MY2J2HN/A - 12.9-inch iPad Pro Wi Fi (4nd Gen) - 128GB - Silver:Apple:M-PAD,Apple,M-PAD,30760
MY2V2HN/A,GD103X653M1,MY2V2HN/A - 11-inch iPad Pro Wi Fi + Cellular (2nd Gen) - 128GB - Space Grey:Apple:M-PAD,Apple,M-PAD,30733
MY2W2HN/A,GD103X654M1,MY2W2HN/A - 11-inch iPad Pro Wi Fi + Cellular (2nd Gen) - 128GB - Silver:Apple:M-PAD,Apple,M-PAD,30734
MY3C2HN/A,GD103X655M1,MY3C2HN/A - 12.9-inch iPad Pro Wi Fi + Cellular (4nd Gen) - 128GB - Space Grey:Apple:M-PAD,Apple,M-PAD,30759
MY3D2HN/A,GD103X615M1,MY3D2HN/A - 12.9-inch iPad Pro Wi Fi + Cellular (4nd Gen) - 128GB - Silver:Apple:M-PAD,Apple,M-PAD,30757
MXAT2HN/A,GD103X634M1,MXAT2HN/A - 12.9-inch iPad Pro Wi Fi (4nd Gen) - 256GB - Space Grey:Apple:M-PAD,Apple,M-PAD,30755
MXAU2HN/A,GD103X635M1,MXAU2HN/A - 12.9-inch iPad Pro Wi Fi (4nd Gen) - 256GB - Silver:Apple:M-PAD,Apple,M-PAD,30753
MXAV2HN/A,GD103X636M1,MXAV2HN/A - 12.9-inch iPad Pro Wi Fi (4nd Gen) - 512GB - Space Grey:Apple:M-PAD,Apple,M-PAD,30748
MXAW2HN/A,GD103X637M1,MXAW2HN/A - 12.9-inch iPad Pro Wi Fi (4nd Gen) - 512GB - Silver:Apple:M-PAD,Apple,M-PAD,30745
MXAX2HN/A,GD103X638M1,MXAX2HN/A - 12.9-inch iPad Pro Wi Fi (4nd Gen) - 1TB - Space Grey:Apple:M-PAD,Apple,M-PAD,30737
MXAY2HN/A,GD103X640M1,MXAY2HN/A - 12.9-inch iPad Pro Wi Fi (4nd Gen) - 1TB - Silver:Apple:M-PAD,Apple,M-PAD,30735
MXDC2HN/A,GD103X639M1,MXDC2HN/A - 11-inch iPad Pro Wi Fi (2nd Gen) - 256GB - Space Grey:Apple:M-PAD,Apple,M-PAD,30736
MXDD2HN/A,GD103X641M1,MXDD2HN/A - 11-inch iPad Pro Wi Fi (2nd Gen) - 256GB - Silver:Apple:M-PAD,Apple,M-PAD,30738
MVVJ2HN/A,GD103W948M1,MVVJ2HN/A - 16-inch MacBook Pro with Touch Bar 2.6GHz 6-core 9th-Gen Intel Core i7 processor - 512GB - Space Grey:Apple:M-Mac,Apple,M-Mac,31108
MVVK2HN/A,GD103W949M1,MVVK2HN/A - 16-inch MacBook Pro with Touch Bar 2.3GHz 8-core 9th-Gen Intel Core i9 processor - 1TB - Space Grey:Apple:M-Mac,Apple,M-Mac,31109
MVVL2HN/A,GD103W951M1,"MVVL2HN/A MacBook Pro 16"" 2.6GHz 9 Gen i7 16GB+512GB - Silver:Apple:M-Mac",Apple,M-Mac,33912
MVVM2HN/A,GD103W947M1,"MVVM2HN/A MacBook Pro 16"" 2.3GHz 9 Gen i9 16GB+1TB - Silver:Apple:M-Mac",Apple,M-Mac,33913
MTEK2HN/A,GD103X054M1,MTEK2HN/A Mac Pro 3.5GHz 8C 32GB+256GB - Space Grey:Apple:M-Mac,Apple,M-Mac,33989
MXNG2HN/A,GD103X625M1,MXNG2HN/A Mac Mini 3.0GHZ 6C 8GB+512GB - Space Grey:Apple:M-Mac,Apple,M-Mac,33990
MWP42HN/A,GD103Z044M1,MWP42HN/A - 13-inch MacBook Pro with Touch Bar 2.0GHz quad-core 10th-Gen Intel Core i5 processor - 512GB - Space Grey:Apple:M-Mac,Apple,M-Mac,31104
MWP52HN/A,GD103Z045M1,MWP52HN/A - 13-inch MacBook Pro with Touch Bar 2.0GHz quad-core 10th-Gen Intel Core i5 processor - 1TB - Space Grey:Apple:M-Mac,Apple,M-Mac,31106
MWP72HN/A,GD103Z036M1,MWP72HN/A - 13-inch MacBook Pro with Touch Bar 2.0GHz quad-core 10th-Gen Intel Core i5 processor - 512GB - Silver:Apple:M-Mac,Apple,M-Mac,31105
MWP82HN/A,GD103Z039M1,MWP82HN/A - 13-inch MacBook Pro with Touch Bar 2.0GHz quad-core 10th-Gen Intel Core i5 processor - 1TB - Silver:Apple:M-Mac,Apple,M-Mac,31107
MA591ZM/C,GD103X144M1,MA591ZM/C - Apple Dock Connector To Usb Cable:Apple:M-Acc Pad,Apple,M-Acc Pad,25586
MC461HN/A,GDP33A034M1,MC461HN/A - MagSafe Power Adapter - 60W (Macbook Pro):Apple:M-Acc Mac,Apple,M-Acc Mac,19708
MC556HN/B,GDP33A035M1,MC556HN/B - Magsafe Power Adapter-85W (Macbook Pro2010):Apple:M-Acc Mac,Apple,M-Acc Mac,19432
MC747HN/A,GDP33A036M1,MC747HN/A - Magsafe Power Adapter-45W (Macbook Air):Apple:M-Acc Mac,Apple,M-Acc Mac,19660
MD565HN/A,GDP33A038M1,MD565HN/A - Magsafe 2 Power Adapter-60W (Macbook):Apple:M-Acc Mac,Apple,M-Acc Mac,19811
MD592HN/A,GDP33A039M1,MD592HN/A - MagSafe 2 Power Adapter - 45W (Macbook Air):Apple:M-Acc Mac,Apple,M-Acc Mac,19707
MD819ZM/A,GD103V534M1,MD819ZM/A - Lightning to USB Cable (2M) - White:Apple:A-Data Cable,Apple,A-Data Cable,19295
MD826ZM/A,GDP33A013M1,MD826ZM/A - Lightning to Digital AV Adapter:Apple:M-Acc Mac,Apple,M-Acc Mac,21471
MD861ZM/A,GDP33A033M1,MD861ZM/A Apple Thunderbolt cable (2.0 m):Apple:M-Acc Mac,Apple,M-Acc Mac,33914
ME291ZM/A,GD103X145M1,ME291ZM/A - Lightning to USB Cable (0.5 m) - White:Apple:A-Data Cable,Apple,A-Data Cable,30929
MJ1M2ZM/A,GDP33A003M1,MJ1M2ZM/A - USB-C to USB Adapter:Apple:M-Acc Mac,Apple,M-Acc Mac,19813
MJ2R2ZM/A,GDP33A030M1,MJ2R2ZM/A - Magic Trackpad 2:Apple:M-Acc Mac,Apple,M-Acc Mac,19706
MK0C2ZM/A,GD103V457M1,MK0C2ZM/A - Pencil:Apple:M-Acc Pad,Apple,M-Acc Pad,19287
MKQ42ZM/A,GD103V535M1,MKQ42ZM/A -Lightning to USB-C Cable (2M):Apple:A-Data Cable,Apple,A-Data Cable,24163
ML8M2HN/A,GDP33A026M1,ML8M2HN/A-USB Power Adapter (5W) - White:Apple:A-Charger,Apple,A-Charger,19616
MLA02ZM/A,GDP33A031M1,MLA02ZM/A - Magic Mouse 2:Apple:M-Acc Mac,Apple,M-Acc Mac,19704
MLA22HN/A,GDP33A032M1,MLA22HN/A - Magic Keyboard - US English:Apple:M-Acc Mac,Apple,M-Acc Mac,19705
MLUN2ZM/A,GD103X148M1,MLUN2ZM/A Apple Pencil Tips - 4 pack:Apple:M-Acc Pad,Apple,M-Acc Pad,33915
MMEL2ZM/A,GDP33A029M1,MMEL2ZM/A Thunderbolt 3 (USB-C) to Thunderbolt 2 Adapter:Apple:M-Acc Mac,Apple,M-Acc Mac,33916
MMTN2ZM/A,GDP33A043M1,MMTN2ZM/A - Earpods with Lightning Connector - White:Apple:A-Head Phone,Apple,A-Head Phone,19779
MMX62ZM/A,GDP33A044M1,MMX62ZM/A - Lightning to 3.5MM Headphone Jack Adaptor:Apple:A-Connector,Apple,A-Connector,19901
MNHF2ZM/A,GDP33A045M1,MNHF2ZM/A - Earpods With Remote and Mics - White:Apple:A-Head Phone,Apple,A-Head Phone,21631
MP7P2HN/A,GD103R224M1,MP7P2HN/A - Apple TV 4K - (64GB):Apple:G-IOT Smart,Apple,G-IOT Smart,25273
MQD22HN/A,GD103R257M1,MQD22HN/A - TV 4K - 32GB:Apple:G-IOT Smart,Apple,G-IOT Smart,24537
MRME2ZM/A,GD103X094M1,MRME2ZM/A - Magic Mouse 2 - Space Gray:Apple:M-Acc Mac,Apple,M-Acc Mac,28938
MRMH2HN/A,GDP33A048M1,MRMH2HN/A - Magic Keyboard With Numeric Keypad - US English:Apple:M-Acc Mac,Apple,M-Acc Mac,28250
MRW22HN/A,GDP33A049M1,MRW22HN/A - 61W USB-C Power Adapter - White:Apple:A-Charger,Apple,A-Charger,28232
MTP62ZM/A,GD103T891M1,MTP62ZM/A 40mm Black Sport Band - S/M & M/L:Apple:M-Apple Watch Band,Apple,M-Apple Watch Band,33917
MTP72ZM/A,GD103T888M1,MTP72ZM/A 40mm Pink Sand Sport Band - S/M & M/L:Apple:M-Apple Watch Band,Apple,M-Apple Watch Band,33918
MTPL2ZM/A,GD103T913M1,MTPL2ZM/A 44mm Black Sport Band - S/M & M/L:Apple:M-Apple Watch Band,Apple,M-Apple Watch Band,33919
MTPM2ZM/A,GD103T889M1,MTPM2ZM/A 44mm Pink Sand Sport Band - S/M & M/L:Apple:M-Apple Watch Band,Apple,M-Apple Watch Band,33920
MU7E2ZM/A,GD103X091M1,MU7E2ZM/A - USB-C to 3.5 mm Headphone Jack Adapter:Apple:A-Connector,Apple,A-Connector,28464
MU8F2ZM/A,GD103U442M1,MU8F2ZM/A - Apple Pencil (2nd Generation):Apple:M-Acc Pad,Apple,M-Acc Pad,28234
MU9L2ZM/A,GD103T874M1,MU9L2ZM/A 44mm Black Sport Band - M/L & X/L:Apple:M-Apple Watch Band,Apple,M-Apple Watch Band,33921
MUF72ZM/A,GD103V532M1,MUF72ZM/A - USB-C Charge Cable (1 M) - White:Apple:A-Data Cable,Apple,A-Data Cable,28233
MUF82ZM/A,GD103W998M1,MUF82ZM/A - USB-C Digital AV Multiport Adapter:Apple:M-Acc Mac,Apple,M-Acc Mac,30919
MV7N2HN/A,GD103V416M1,MV7N2HN/A - Apple Airpods 2 With Charging Case - White:Apple:M-True Wireless (TWS),Apple,M-True Wireless (TWS),28734
MWP22HN/A,GD103W913M1,MWP22HN/A - Apple Airpods Pro With Wireless Charging Case - White:Apple:M-True Wireless (TWS),Apple,M-True Wireless (TWS),30177
MWYE2ZM/A,GD103W718M1,MWYE2ZM/A - iPhone 11 Pro Leather Case - Black:Apple:A-Back Case,Apple,A-Back Case,29748
MX002ZM/A,GD103W383M1,MX002ZM/A - iPhone 11 Pro Max Silicone Case - Black:Apple:A-Back Case,Apple,A-Back Case,29751
MX0J2HN/A,GDP33A064M1,MX0J2HN/A - 96W USB-C Power Adapter - White:Apple:M-Acc Mac,Apple,M-Acc Mac,31226
MX0K2ZM/A,GD103X092M1,MX0K2ZM/A - USB C To Lightning Cable (1M) - White:Apple:A-Data Cable,Apple,A-Data Cable,30370
MX2E2ZM/A,GD103X093M1,MX2E2ZM/A - Apple Watch Magnetic Charging Cable (1 m) - White:Apple:A-Data Cable,Apple,A-Data Cable,30931
MX2F2ZM/A,GD103X146M1,MX2F2ZM/A - Apple Watch Magnetic Charging Cable (2 m) - White:Apple:A-Data Cable,Apple,A-Data Cable,30839
MX2H2ZM/A,GD103X143M1,MX2H2ZM/A Apple Watch Magnetic Charger to USB-C Cable (1 m) - White:Apple:A-Data Cable,Apple,A-Data Cable,33922
MX812ZM/A,GD103W614M1,MX812ZM/A 44mm Black Nike Sport Loop:Apple:M-Apple Watch Band,Apple,M-Apple Watch Band,33923
MX832ZM/A,GD103W657M1,MX832ZM/A 44mm Anchor Gray Sport Loop - XL:Apple:M-Apple Watch Band,Apple,M-Apple Watch Band,33924
MX8C2ZM/A,GD103W732M1,MX8C2ZM/A 40mm Anthracite/Black Nike Sport Band – S/M & M/L:Apple:M-Apple Watch Band,Apple,M-Apple Watch Band,33925
MX8D2ZM/A,GD103W731M1,MX8D2ZM/A 40mm Pure Platinum/Black Nike Sport Band - S/M & M/L:Apple:M-Apple Watch Band,Apple,M-Apple Watch Band,33926
MX8E2ZM/A,GD103W730M1,MX8E2ZM/A 44mm Anthracite/Black Nike Sport Band – S/M & M/L:Apple:M-Apple Watch Band,Apple,M-Apple Watch Band,33927
MX8F2ZM/A,GD103W729M1,MX8F2ZM/A 44mm Pure Platinum/Black Nike Sport Band - S/M & M/L:Apple:M-Apple Watch Band,Apple,M-Apple Watch Band,33928
MXYY2ZM/A,GD103X795M1,MXYY2ZM/A iPhone 11 Silicone Case - Surf Blue:Apple:A-Back Case,Apple,A-Back Case,33991
MY1C2ZM/A,GD103X796M1,MY1C2ZM/A iPhone 11 Pro Silicone Case - Cactus:Apple:A-Back Case,Apple,A-Back Case,33992
MY1E2ZM/A,GD103X738M1,MY1E2ZM/A iPhone 11 Pro Silicone Case - Grapefruit:Apple:A-Back Case,Apple,A-Back Case,33993
MY1F2ZM/A,GD103X739M1,MY1F2ZM/A iPhone 11 Pro Silicone Case - Surf Blue:Apple:A-Back Case,Apple,A-Back Case,33994
MY1G2ZM/A,GD103X740M1,MY1G2ZM/A iPhone 11 Pro Max Silicone Case - Cactus:Apple:A-Back Case,Apple,A-Back Case,33995
MY1H2ZM/A,GD103X741M1,MY1H2ZM/A iPhone 11 Pro Max Silicone Case - Grapefruit:Apple:A-Back Case,Apple,A-Back Case,33996
MY1J2ZM/A,GD103X742M1,MY1J2ZM/A iPhone 11 Pro Max Silicone Case - Surf Blue:Apple:A-Back Case,Apple,A-Back Case,33997
MY1K2ZM/A,GD103X712M1,MY1K2ZM/A iPhone 11 Pro Leather Folio - Raspberry:Apple:A-Back Case,Apple,A-Back Case,33998
MY1L2ZM/A,GD103X713M1,MY1L2ZM/A iPhone 11 Pro Leather Folio - Deep Sea Blue:Apple:A-Back Case,Apple,A-Back Case,33999
MY1M2ZM/A,GD103X714M1,MY1M2ZM/A iPhone 11 Pro Leather Folio - Peacock:Apple:A-Back Case,Apple,A-Back Case,34000
MY1N2ZM/A,GD103X715M1,MY1N2ZM/A iPhone 11 Pro Max Leather Folio - Raspberry:Apple:A-Back Case,Apple,A-Back Case,34001
MY1P2ZM/A,GD103X716M1,MY1P2ZM/A iPhone 11 Pro Max Leather Folio - Deep Sea Blue:Apple:A-Back Case,Apple,A-Back Case,34002
MY1Q2ZM/A,GD103X717M1,MY1Q2ZM/A iPhone 11 Pro Max Leather Folio - Peacock:Apple:A-Back Case,Apple,A-Back Case,34003
MXNU2ZM/A,GD103X703M1,MXNU2ZM/A 40mm Grapefruit Sport Band - Regular:Apple:M-Apple Watch Band,Apple,M-Apple Watch Band,33929
MXNV2ZM/A,GD103X704M1,MXNV2ZM/A 40mm Surf Blue Sport Band - Regular:Apple:M-Apple Watch Band,Apple,M-Apple Watch Band,33930
MXNX2ZM/A,GD103X705M1,MXNX2ZM/A 44mm Cactus Sport Band - Regular:Apple:M-Apple Watch Band,Apple,M-Apple Watch Band,33931
MXNY2ZM/A,GD103X706M1,MXNY2ZM/A 44mm Grapefruit Sport Band - Regular:Apple:M-Apple Watch Band,Apple,M-Apple Watch Band,33932
MXP02ZM/A,GD103X707M1,MXP02ZM/A 44mm Surf Blue Sport Band - Regular:Apple:M-Apple Watch Band,Apple,M-Apple Watch Band,33933
MX4R2ZM/A,GD103X788M1,MX4R2ZM/A iPad mini Smart Cover - Black:Apple:M-Acc Pad,Apple,M-Acc Pad,33934
MX4U2ZM/A,GD103X789M1,MX4U2ZM/A - Smart Cover for iPad (7th generation) and iPad Air (3rd generation) - Black:Apple:M-Acc Pad,Apple,M-Acc Pad,30926
MXT32ZM/A,GD103X778M1,MXT32ZM/A Smart Folio for 11-inch iPad Pro (2nd Gen) - White:Apple:M-Acc Pad,Apple,M-Acc Pad,33935
MXT42ZM/A,GD103X779M1,MXT42ZM/A - Smart Folio for 11-inch iPad Pro (2nd generation) - Black:Apple:M-Acc Pad,Apple,M-Acc Pad,30927
MXT82ZM/A,GD103X782M1,MXT82ZM/A Smart Folio for 12.9-inch iPad Pro (4th Gen) - White:Apple:M-Acc Pad,Apple,M-Acc Pad,33936
MXYH2ZM/A,GD103Y111M1,MXYH2ZM/A - I Phone SE Silicon Case - Black:Apple:A-Back Case,Apple,A-Back Case,31027
MXYJ2ZM/A,GD103Y112M1,MXYJ2ZM/A - I Phone SE Silicon Case - White:Apple:A-Back Case,Apple,A-Back Case,31199
MXYK2ZM/A,GD103Y113M1,MXYK2ZM/A - I Phone SE Silicon Case - Pink:Apple:A-Back Case,Apple,A-Back Case,31200
MXYL2ZM/A,GD103Y114M1,MXYL2ZM/A- I Phone SE Lether Case - Red:Apple:A-Back Case,Apple,A-Back Case,31026
MXYM2ZM/A,GD103Y110M1,MXYM2ZM/A - I Phone SE Lether Case - Black:Apple:A-Back Case,Apple,A-Back Case,31025
MXYN2ZM/A,GD103Y109M1,MXYN2ZM/A - I Phone SE Lether Case - Midnight Blue:Apple:A-Back Case,Apple,A-Back Case,31024
MTEY2HN/A,GD103T755M1,"MTEY2HN/A - Apple Watch Series 3 GPS, 38mm Silver Aluminium Case with White Sport Band:Apple:G-Smart Watch",Apple,G-Smart Watch,31130
MTF02HN/A,GD103T756M1,"MTF02HN/A - Apple Watch Series 3 GPS, 38mm Space Grey Aluminium Case with Black Sport Band:Apple:G-Smart Watch",Apple,G-Smart Watch,30035
MTF22HN/A,GD103T757M1,"MTF22HN/A Apple Watch Series 3 GPS, 42mm Silver Aluminium Case with White Sport Band:Apple:G-Smart Watch",Apple,G-Smart Watch,33937
MTF32HN/A,GD103T789M1,"MTF32HN/A - Apple Watch Series 3 GPS, 42mm Space Grey Aluminium Case with Black Sport Band:Apple:G-Smart Watch",Apple,G-Smart Watch,28258
MC704ZM/A,GDP33A065M1,MC704ZM/A - USB Ethernet Adapter:Apple:M-Acc Mac,Apple,M-Acc Mac,19269
MD463ZM/A,GDP33A028M1,MD463ZM/A - Thunderbolt to Gigabit Ethernet Adapter:Apple:M-Acc Mac,Apple,M-Acc Mac,21012
MD464ZM/A,GD103AT88M1,MD464ZM/A Apple Thunderbolt to FireWire Adapter - White:Apple:M-Acc Mac,Apple,M-Acc Mac,33938
MD504ZM/A,GD103Z609M1,MD504ZM/A - Magsafe to Magsafe 2 Converter:Apple:M-Acc Mac,Apple,M-Acc Mac,19812
MD506HN/A,GDP33A037M1,MD506HN/A - 85W Magsafe 2 Power Adapter:Apple:M-Acc Mac,Apple,M-Acc Mac,19902
MD820ZM/A,GD103Q434M1,MD820ZM/A - Lightining to Micro USB Adaptor:Apple:M-Acc Phone,Apple,M-Acc Phone,23219
MD821ZM/A,GD103AT86M1,MD821ZM/A - Lightning to USB Camera Adapter:Apple:M-Acc Phone,Apple,M-Acc Phone,23389
MD825ZM/A,GD103Q435M1,MD825ZM/A - Lighting to VGA Adapter:Apple:M-Acc Mac,Apple,M-Acc Mac,19288
MD862ZM/A,GD103AT85M1,MD862ZM/A Apple Thunderbolt cable (0.5 m) - White:Apple:M-Acc Mac,Apple,M-Acc Mac,33939
MJ1L2ZM/A,GDP33A005M2,MJ1L2ZM/A - USB-C VGA Multiport Adapter:Apple:M-Acc Pad,Apple,M-Acc Pad,21013
MJVU2ZM/A,GD103AT83M1,MJVU2ZM/A - Apple Hdmi To Dvi Adapter:Apple:M-Acc Mac,Apple,M-Acc Mac,26827
MJYT2ZM/A,GD103AT87M1,MJYT2ZM/A Lightning to SD Card Camera Reader - White:Apple:M-Acc Mac,Apple,M-Acc Mac,33940
MK0W2ZM/A,GD103AT72M1,MK0W2ZM/A Lightning to USB3 Camera Adapter - White:Apple:M-Acc Mac,Apple,M-Acc Mac,33941
MK122HN/A,GD103Z460M1,MK122HN/A Power Adapter Extension Cable - White:Apple:M-Acc Mac,Apple,M-Acc Mac,33942
MLL82ZM/A,GDP33A040M1,MLL82ZM/A - USB-C Charge Cable (2M) - White:Apple:A-Data Cable,Apple,A-Data Cable,25585
MNN62ZM/A,GD103AT66M1,MNN62ZM/A - iPhone Lightning Dock - Black:Apple:M-Acc Mac,Apple,M-Acc Mac,23221
MQ052HN/A,GDP33A050M1,MQ052HN/A - Magic Keyboard With Numeric Keypad - US English:Apple:M-Acc Mac,Apple,M-Acc Mac,28249
MQ4H2ZM/A,GD103AT84M1,MQ4H2ZM/A Thunderbolt 3 (USB-C) Cable (0.8m) - White:Apple:A-Data Cable,Apple,A-Data Cable,33943
MQGE2ZM/A,GD103X147M1,MQGE2ZM/A - Apple Tv Remote:Apple:M-Acc Mac,Apple,M-Acc Mac,26826
MQHX2ZM/A,GD103R204M1,MQHX2ZM/A iPhone Lightning Dock – Gold - White:Apple:M-Acc Phone,Apple,M-Acc Phone,33944
MR2C2ZM/A,GD103AR53M1,MR2C2ZM/A Lightning to 3.5mm Audio Cable - White:Apple:A-Data Cable,Apple,A-Data Cable,33945
MR8U2HN/A,GD103V417M1,MR8U2HN/A Wireless Charging Case for AirPods - White:Apple:M-Accessories,Apple,M-Accessories,33946
MR912HN/A,GD103V586M1,MR912HN/A Apple TV HD 32GB - Black:Apple:G-IOT Smart,Apple,G-IOT Smart,33947
MRMF2ZM/A,GDP33A066M1,MRMF2ZM/A - Magic Trackpad 2 - Space Grey:Apple:M-Acc Mac,Apple,M-Acc Mac,31225
MRW62ZM/A,GD103Z361M1,MRW62ZM/A - i Phone XR - Clear:Apple:A-Back Case,Apple,A-Back Case,28309
MTP52ZM/A,GD103AU28M1,MTP52ZM/A 40mm White Sport Band - S/M & M/L:Apple:M-Apple Watch Band,Apple,M-Apple Watch Band,33948
MTPK2ZM/A,GD103T895M1,MTPK2ZM/A 44mm White Sport Band - S/M & M/L:Apple:M-Apple Watch Band,Apple,M-Apple Watch Band,33949
MTU62ZM/A,GD103AU25M1,MTU62ZM/A 44mm Milanese Loop:Apple:M-Apple Watch Band,Apple,M-Apple Watch Band,33950
MU9F2ZM/A,GD103AT73M1,MU9F2ZM/A Apple Watch Magnetic Charging Dock - White:Apple:M-Accessories,Apple,M-Accessories,33951
MUFG2ZM/A,GD103AT82M1,MUFG2ZM/A - USB-C to SD Card Reader:Apple:M-Acc Phone,Apple,M-Acc Phone,28463
MX2G2ZM/A,GD103AT68M1,MX2G2ZM/A Apple Watch Magnetic Charging Cable (0.3m) - White:Apple:A-Data Cable,Apple,A-Data Cable,33952
MX2J2ZM/A,GD103AT69M1,MX2J2ZM/A Apple Watch Magnetic Charger to USB-C Cable (0.3 m) - White:Apple:A-Data Cable,Apple,A-Data Cable,33953
MX7Y2ZM/A,GD103AU29M1,MX7Y2ZM/A 40mm Black Nike Sport Loop:Apple:M-Apple Watch Band,Apple,M-Apple Watch Band,33954
MXAA2ZM/A,GD103AU12M1,MXAA2ZM/A 44mm Black Leather Loop - Medium:Apple:M-Apple Watch Band,Apple,M-Apple Watch Band,33955
MXAC2ZM/A,GD103AU13M1,MXAC2ZM/A 44mm Black Leather Loop - Large:Apple:M-Apple Watch Band,Apple,M-Apple Watch Band,33956
MXAF2ZM/A,GD103AU14M1,MXAF2ZM/A 44mm Saddle Brown Leather Loop - Medium:Apple:M-Apple Watch Band,Apple,M-Apple Watch Band,33957
MXAG2ZM/A,GD103AU15M1,MXAG2ZM/A 44mm Saddle Brown Leather Loop - Large:Apple:M-Apple Watch Band,Apple,M-Apple Watch Band,33958
MXLY2ZM/A,GD103Z220M1,MXLY2ZM/A - Lightning To Usb Cable (1M) - White:Apple:A-Data Cable,Apple,A-Data Cable,30478
MXDE2HN/A,GD103X616M1,MXDE2HN/A - 11-inch iPad Pro Wi Fi (2nd Gen) - 512GB - Space Grey:Apple:M-PAD,Apple,M-PAD,30742
MXDF2HN/A,GD103X617M1,MXDF2HN/A - 11-inch iPad Pro Wi Fi (2nd Gen) - 512GB - Silver:Apple:M-PAD,Apple,M-PAD,30744
MXDG2HN/A,GD103X618M1,MXDG2HN/A - 11-inch iPad Pro Wi Fi (2nd Gen) - 1TB - Space Grey:Apple:M-PAD,Apple,M-PAD,30749
MXDH2HN/A,GD103X619M1,MXDH2HN/A - 11-inch iPad Pro Wi Fi (2nd Gen) - 1TB - Silver:Apple:M-PAD,Apple,M-PAD,30750
MXE42HN/A,GD103X806M1,MXE42HN/A - 11-inch iPad Pro Wi Fi + Cellular (2nd Gen) - 256GB - Space Grey:Apple:M-PAD,Apple,M-PAD,30740
MXE52HN/A,GD103X807M1,MXE52HN/A - 11-inch iPad Pro Wi Fi + Cellular (2nd Gen) - 256GB - Silver:Apple:M-PAD,Apple,M-PAD,30741
MXE62HN/A,GD103X808M1,MXE62HN/A - 11-inch iPad Pro Wi Fi + Cellular (2nd Gen) - 512GB - Space Grey:Apple:M-PAD,Apple,M-PAD,30746
MXE72HN/A,GD103X623M1,MXE72HN/A - 11-inch iPad Pro Wi Fi + Cellular (2nd Gen) - 512GB - Silver:Apple:M-PAD,Apple,M-PAD,30747
MXE82HN/A,GD103X802M1,MXE82HN/A - 11-inch iPad Pro Wi Fi + Cellular (2nd Gen) - 1TB - Space Grey:Apple:M-PAD,Apple,M-PAD,30754
MXE92HN/A,GD103X642M1,MXE92HN/A - 11-inch iPad Pro Wi Fi + Cellular (2nd Gen) - 1TB - Silver:Apple:M-PAD,Apple,M-PAD,30756
MXF52HN/A,GD103X643M1,MXF52HN/A - 12.9-inch iPad Pro Wi Fi + Cellular (4nd Gen) - 256GB - Space Grey:Apple:M-PAD,Apple,M-PAD,30752
MXF62HN/A,GD103X644M1,MXF62HN/A - 12.9-inch iPad Pro Wi Fi + Cellular (4nd Gen) - 256GB - Silver:Apple:M-PAD,Apple,M-PAD,30751
MXF72HN/A,GD103X645M1,MXF72HN/A - 12.9-inch iPad Pro Wi Fi + Cellular (4nd Gen) - 512GB - Space Grey:Apple:M-PAD,Apple,M-PAD,30743
MXF82HN/A,GD103X646M1,MXF82HN/A - 12.9-inch iPad Pro Wi Fi + Cellular (4nd Gen) - 512GB - Silver:Apple:M-PAD,Apple,M-PAD,30739
MXF92HN/A,GD103X647M1,MXF92HN/A - 12.9-inch iPad Pro Wi Fi + Cellular (4nd Gen) - 1TB - Space Grey:Apple:M-PAD,Apple,M-PAD,30732
MXFA2HN/A,GD103X648M1,MXFA2HN/A - 12.9-inch iPad Pro Wi Fi + Cellular (4nd Gen) - 1TB - Silver:Apple:M-PAD,Apple,M-PAD,30730
MY232HN/A,GD103X649M1,MY232HN/A - 11-inch iPad Pro Wi-Fi (2nd Gen) - 128GB - Space Grey:Apple:M-PAD,Apple,M-PAD,30647
MUQW2HN/A,GD103V204M1,MUQW2HN/A - I Pad mini Wi-Fi 64GB - Space Grey:Apple:M-PAD,Apple,M-PAD,28741
MUQX2HN/A,GD103V205M1,MUQX2HN/A - I Pad mini Wi-Fi 64GB - Silver:Apple:M-PAD,Apple,M-PAD,28960
MUQY2HN/A,GD103V206M1,MUQY2HN/A - I Pad mini Wi-Fi 64GB - Gold:Apple:M-PAD,Apple,M-PAD,28742
MUU32HN/A,GD103V207M1,MUU32HN/A iPad mini Wi-Fi 256GB - Space Grey:Apple:M-PAD,Apple,M-PAD,33959
MUU52HN/A,GD103V194M1,MUU52HN/A iPad mini Wi-Fi 256GB - Silver:Apple:M-PAD,Apple,M-PAD,33960
MUU62HN/A,GD103V195M1,MUU62HN/A iPad mini Wi-Fi 256GB - Gold:Apple:M-PAD,Apple,M-PAD,33961
MUX52HN/A,GD103V196M1,MUX52HN/A iPad mini Wi-Fi + Cellular 64GB - Space Grey:Apple:M-PAD,Apple,M-PAD,33962
MUX62HN/A,GD103V197M1,MUX62HN/A iPad mini Wi-Fi + Cellular 64GB - Silver:Apple:M-PAD,Apple,M-PAD,33963
MUX72HN/A,GD103V198M1,MUX72HN/A iPad mini Wi-Fi + Cellular 64GB - Gold:Apple:M-PAD,Apple,M-PAD,33964
MUXC2HN/A,GD103V199M1,MUXC2HN/A - I Pad mini Wi-Fi + Cellular 256GB - Space Grey:Apple:M-PAD,Apple,M-PAD,28743
MUXD2HN/A,GD103V200M1,MUXD2HN/A iPad mini Wi-Fi + Cellular 256GB - Silver:Apple:M-PAD,Apple,M-PAD,33965
MUXE2HN/A,GD103V193M1,MUXE2HN/A - I Pad mini Wi-Fi + Cellular 256GB - Gold:Apple:M-PAD,Apple,M-PAD,28744
MHK03HN/A,GD103Z511M1,MHK03HN/A 21.5-inch iMac 2.3GHz 7 Gen i5 256GB:Apple:M-Mac,Apple,M-Mac,33966
MHK23HN/A,GD103Z512M1,MHK23HN/A 21.5-inch iMac with Retina 4K 3.6GHz 8 Gen i3 256GB:Apple:M-Mac,Apple,M-Mac,33967
MHK33HN/A,GD103Z513M1,MHK33HN/A 21.5-inch iMac with Retina 4K 3.0GHz 6-core 8 Gen i5 256GB:Apple:M-Mac,Apple,M-Mac,33968
MXWT2HN/A,GD103Z514M1,"MXWT2HN/A Apple iMac 27 "" 10th Gen i5 8GB+256GB SSD-White:Apple:M-Mac",Apple,M-Mac,32923
MXWU2HN/A,GD103Z515M1,MXWU2HN/A 27-inch iMac with Retina 5K 3.3GHz 6-core 10 Gen i5 512GB:Apple:M-Mac,Apple,M-Mac,33969
MXWV2HN/A,GD103Z510M1,MXWV2HN/A 27-inch iMac with Retina 5K 3.8GHz 8-core 10 Gen i7 512GB:Apple:M-Mac,Apple,M-Mac,33970
M00T3HN/A,GD103AD88M1,M00T3HN/A - Apple Watch Nike Series 6 GPS 40mm Silver Aluminium Case with Pure Platinum/Black Nike Sport Band:Apple:G-Smart Watch,Apple,G-Smart Watch,31928
M00X3HN/A,GD103AD83M1,"M00X3HN/A Apple Watch Nike Series 6 GPS, 40mm Space Gray Aluminium Case with Anthracite/Black Nike Sport Band - Regular:Apple:G-Smart Watch",Apple,G-Smart Watch,33971
M07C3HN/A,GD103AE07M1,"M07C3HN/A Apple Watch Nike Series 6 GPS + Cellular, 40mm Silver Aluminium Case with Pure Platinum/Black Nike Sport Band:Apple:G-Smart Watch",Apple,G-Smart Watch,33972
M07E3HN/A,GD103AD78M1,"M07E3HN/A Apple Watch Nike Series 6 GPS + Cellular, 40mm Space Gray Aluminium Case with Anthracite/Black Nike Sport Band:Apple:G-Smart Watch",Apple,G-Smart Watch,33973
M09W3HN/A,GD103AD87M1,M09W3HN/A - Apple Watch Nike Series 6 GPS + Cellular 44mm Silver Aluminium Case with Pure Platinum/Black Nike Sport Band:Apple:G-Smart Watch,Apple,G-Smart Watch,31929
M09Y3HN/A,GD103AE02M1,M09Y3HN/A - Apple Watch Nike Series 6 GPS+ Cellular 44mm Space Grey Aluminium Case with Anthracite/Black Nike Sport Band:Apple:G-Smart Watch,Apple,G-Smart Watch,31930
MG013HN/A,GD103AD75M1,"MG013HN/A Apple Watch Nike SE GPS + Cellular, 40mm Space Gray Aluminium Case with Anthracite/Black Nike Sport Band - Reg:Apple:G-Smart Watch",Apple,G-Smart Watch,33974
MG083HN/A,GD103AD74M1,"MG083HN/A Apple Watch Nike SE GPS + Cellular, 44mm Silver Aluminium Case with Pure Platinum/Black Nike Sport Band - Regu:Apple:G-Smart Watch",Apple,G-Smart Watch,33975
MG0A3HN/A,GD103AD89M1,MG0A3HN/A - Apple Watch Nike SE GPS + Cellular 44mm Space Gray Aluminium Case with Anthracite/Black Nike Sport Band:Apple:G-Smart Watch,Apple,G-Smart Watch,31931
MG173HN/A,GD103AE06M1,MG173HN/A - Apple Watch Nike Series 6 GPS 44mm Space Gray Aluminium Case with Anthracite/Black Nike Sport Band:Apple:G-Smart Watch,Apple,G-Smart Watch,31932
MG293HN/A,GD103AD86M1,MG293HN/A - Apple Watch Nike Series 6 GPS 44mm Silver Aluminium Case with Pure Platinum/Black Nike Sport Band:Apple:G-Smart Watch,Apple,G-Smart Watch,31933
MYYD2HN/A,GD103AD90M1,MYYD2HN/A - Apple Watch Nike SE GPS 40mm Silver Aluminium Case with Pure Platinum/Black Nike Sport Band:Apple:G-Smart Watch,Apple,G-Smart Watch,31934
MYYF2HN/A,GD103AD85M1,MYYF2HN/A - Apple Watch Nike SE GPS 40mm Space Gray Aluminium Case with Anthracite/Black Nike Sport Band:Apple:G-Smart Watch,Apple,G-Smart Watch,31935
MYYH2HN/A,GD103AD84M1,MYYH2HN/A - Apple Watch Nike SE GPS 44mm Silver Aluminium Case with Pure Platinum/Black Nike Sport Band:Apple:G-Smart Watch,Apple,G-Smart Watch,31936
MYYK2HN/A,GD103AE12M1,MYYK2HN/A - Apple Watch Nike SE GPS 44mm Space Gray Aluminium Case with Anthracite/Black Nike Sport Band:Apple:G-Smart Watch,Apple,G-Smart Watch,31937
MYYW2HN/A,GD103AD73M1,"MYYW2HN/A Apple Watch Nike SE GPS + Cellular, 40mm Silver Aluminium Case with Pure Platinum/Black Nike Sport Band - Regu:Apple:G-Smart Watch",Apple,G-Smart Watch,33976
MYDM2HN/A,GD103AE24M1,MYDM2HN/A - Apple Watch SE GPS 40mm Silver Aluminium Case with White Sport Band:Apple:G-Smart Watch,Apple,G-Smart Watch,31734
MYDN2HN/A,GD103AE41M1,MYDN2HN/A - Apple Watch SE GPS 40mm Gold Aluminium Case with Pink Sand Sport Band:Apple:G-Smart Watch,Apple,G-Smart Watch,31735
MYDP2HN/A,GD103AE43M1,MYDP2HN/A - Apple Watch SE GPS 40mm Space Gray Aluminium Case with Black Sport Band:Apple:G-Smart Watch,Apple,G-Smart Watch,31736
MYDQ2HN/A,GD103AE25M1,MYDQ2HN/A - Apple Watch SE GPS 44mm Silver Aluminium Case with White Sport Band:Apple:G-Smart Watch,Apple,G-Smart Watch,31737
MYDR2HN/A,GD103AE33M1,MYDR2HN/A - Apple Watch SE GPS 44mm Gold Aluminium Case with Pink Sand Sport Band:Apple:G-Smart Watch,Apple,G-Smart Watch,31738
MYDT2HN/A,GD103AE39M1,MYDT2HN/A - Apple Watch SE GPS 44mm Space Gray Aluminium Case with Black Sport Band:Apple:G-Smart Watch,Apple,G-Smart Watch,31739
MYEF2HN/A,GD103AE05M1,MYEF2HN/A - Apple Watch SE GPS + Cellular 40mm Silver Aluminium Case with White Sport Band:Apple:G-Smart Watch,Apple,G-Smart Watch,31740
MYEG2HN/A,GD103AE03M1,MYEG2HN/A - Apple Watch SE GPS + Cellular 40mm Silver Aluminium Case with Deep Navy Sport Loop:Apple:G-Smart Watch,Apple,G-Smart Watch,31741
MYEH2HN/A,GD103AE15M1,MYEH2HN/A - Apple Watch SE GPS + Cellular 40mm Gold Aluminium Case with Pink Sand Sport Band:Apple:G-Smart Watch,Apple,G-Smart Watch,31742
MYEJ2HN/A,GD103AE23M1,MYEJ2HN/A - Apple Watch SE GPS + Cellular 40mm Gold Aluminium Case with Plum Sport Loop:Apple:G-Smart Watch,Apple,G-Smart Watch,31743
MYEK2HN/A,GD103AE13M1,MYEK2HN/A - Apple Watch SE GPS + Cellular 40mm Space Gray Aluminium Case with Black Sport Band:Apple:G-Smart Watch,Apple,G-Smart Watch,31744
MYEL2HN/A,GD103AE31M1,MYEL2HN/A - Apple Watch SE GPS + Cellular 40mm Space Gray Aluminium Case with Charcoal Sport Loop:Apple:G-Smart Watch,Apple,G-Smart Watch,31746
MYEV2HN/A,GD103AD98M1,MYEV2HN/A - Apple Watch SE GPS + Cellular 44mm Silver Aluminium Case with White Sport Band:Apple:G-Smart Watch,Apple,G-Smart Watch,31747
MYEW2HN/A,GD103AE11M1,MYEW2HN/A - Apple Watch SE GPS + Cellular 44mm Silver Aluminium Case with Deep Navy Sport Loop:Apple:G-Smart Watch,Apple,G-Smart Watch,31748
MYEX2HN/A,GD103AD99M1,MYEX2HN/A - Apple Watch SE GPS + Cellular 44mm Gold Aluminium Case with Pink Sand Sport Band:Apple:G-Smart Watch,Apple,G-Smart Watch,31749
MYEY2HN/A,GD103AE04M1,MYEY2HN/A - Apple Watch SE GPS + Cellular 44mm Gold Aluminium Case with Plum Sport Loop:Apple:G-Smart Watch,Apple,G-Smart Watch,31750
MYF02HN/A,GD103AE38M1,MYF02HN/A - Apple Watch SE GPS + Cellular 44mm Space Gray Aluminium Case with Black Sport Band:Apple:G-Smart Watch,Apple,G-Smart Watch,31751
MYF12HN/A,GD103AE27M1,MYF12HN/A - Apple Watch SE GPS + Cellular 44mm Space Gray Aluminium Case with Charcoal Sport Loop:Apple:G-Smart Watch,Apple,G-Smart Watch,31752
M00A3HN/A,GD103AE18M1,M00A3HN/A - Apple Watch Series 6 GPS 40mm Red Aluminium Case with Red Sport Band:Apple:G-Smart Watch,Apple,G-Smart Watch,31753
M00D3HN/A,GD103AE34M1,M00D3HN/A - Apple Watch Series 6 GPS 44mm Silver Aluminium Case with White Sport Band:Apple:G-Smart Watch,Apple,G-Smart Watch,31758
M00E3HN/A,GD103AE14M1,M00E3HN/A - Apple Watch Series 6 GPS 44mm Gold Aluminium Case with Pink Sand Sport Band:Apple:G-Smart Watch,Apple,G-Smart Watch,31759
M00H3HN/A,GD103AE32M1,M00H3HN/A - Apple Watch Series 6 GPS 44mm Space Gray Aluminium Case with Black Sport Band:Apple:G-Smart Watch,Apple,G-Smart Watch,31764
M00J3HN/A,GD103AE44M1,M00J3HN/A - Apple Watch Series 6 GPS 44mm Blue Aluminium Case with Deep Navy Sport Band:Apple:G-Smart Watch,Apple,G-Smart Watch,31765
M00M3HN/A,GD103AE22M1,M00M3HN/A - Apple Watch Series 6 GPS 44mm Red Aluminium Case with Red Sport Band:Apple:G-Smart Watch,Apple,G-Smart Watch,31766
M06M3HN/A,GD103AE20M1,M06M3HN/A - Apple Watch Series 6 GPS + Cellular 40mm Silver Aluminium Case with White Sport Band:Apple:G-Smart Watch,Apple,G-Smart Watch,31767
M06N3HN/A,GD103AE28M1,M06N3HN/A - Apple Watch Series 6 GPS + Cellular 40mm Gold Aluminium Case with Pink Sand Sport Band:Apple:G-Smart Watch,Apple,G-Smart Watch,31768
M06P3HN/A,GD103AE35M1,M06P3HN/A - Apple Watch Series 6 GPS + Cellular 40mm Space Gray Aluminium Case with Black Sport Band:Apple:G-Smart Watch,Apple,G-Smart Watch,31769
M06Q3HN/A,GD103AE36M1,M06Q3HN/A - Apple Watch Series 6 GPS + Cellular 40mm Blue Aluminium Case with Deep Navy Sport Band:Apple:G-Smart Watch,Apple,G-Smart Watch,31770
M06R3HN/A,GD103AE19M1,M06R3HN/A - Apple Watch Series 6 GPS + Cellular 40mm Red Aluminium Case with Red Sport Band:Apple:G-Smart Watch,Apple,G-Smart Watch,31771
M06T3HN/A,GD103AD96M1,M06T3HN/A - Apple Watch Series 6 GPS + Cellular 40mm Silver Stainless Steel Case with White Sport Band:Apple:G-Smart Watch,Apple,G-Smart Watch,31777
M06U3HN/A,GD103AD81M1,M06U3HN/A - Apple Watch Series 6 GPS + Cellular 40mm Silver Stainless Steel Case with Silver Milanese Loop:Apple:G-Smart Watch,Apple,G-Smart Watch,31780
M06V3HN/A,GD103AD82M1,M06V3HN/A - Apple Watch Series 6 GPS + Cellular 40mm Gold Stainless Steel Case with Cyprus Green Sport Band:Apple:G-Smart Watch,Apple,G-Smart Watch,31778
M06W3HN/A,GD103AD94M1,M06W3HN/A - Apple Watch Series 6 GPS + Cellular 40mm Gold Stainless Steel Case with Gold Milanese Loop:Apple:G-Smart Watch,Apple,G-Smart Watch,31781
M06X3HN/A,GD103AD80M1,M06X3HN/A - Apple Watch Series 6 GPS + Cellular 40mm Graphite Stainless Steel Case with Black Sport Band:Apple:G-Smart Watch,Apple,G-Smart Watch,31779
M06Y3HN/A,GD103AD79M1,M06Y3HN/A - Apple Watch Series 6 GPS + Cellular 40mm Graphite Stainless Steel Case with Graphite Milanese Loop:Apple:G-Smart Watch,Apple,G-Smart Watch,31782
M09A3HN/A,GD103AE42M1,M09A3HN/A - Apple Watch Series 6 GPS + Cellular 44mm Blue Aluminium Case with Deep Navy Sport Band:Apple:G-Smart Watch,Apple,G-Smart Watch,31772
M09C3HN/A,GD103AE30M1,M09C3HN/A - Apple Watch Series 6 GPS + Cellular 44mm Red Aluminium Case with Red Sport Band:Apple:G-Smart Watch,Apple,G-Smart Watch,31773
M09D3HN/A,GD103AD91M1,M09D3HN/A - Apple Watch Series 6 GPS + Cellular 44mm Silver Stainless Steel Case with White Sport Band:Apple:G-Smart Watch,Apple,G-Smart Watch,31783
M09E3HN/A,GD103AE01M1,M09E3HN/A - Apple Watch Series 6 GPS + Cellular 44mm Silver Stainless Steel Case with Silver Milanese Loop:Apple:G-Smart Watch,Apple,G-Smart Watch,31786
M09F3HN/A,GD103AD77M1,M09F3HN/A - Apple Watch Series 6 GPS + Cellular 44mm Gold Stainless Steel Case with Cyprus Green Sport Band:Apple:G-Smart Watch,Apple,G-Smart Watch,31784
M09G3HN/A,GD103AD95M1,M09G3HN/A - Apple Watch Series 6 GPS + Cellular 44mm Gold Stainless Steel Case with Gold Milanese Loop:Apple:G-Smart Watch,Apple,G-Smart Watch,31787
M09H3HN/A,GD103AE09M1,M09H3HN/A - Apple Watch Series 6 GPS + Cellular 44mm Graphite Stainless Steel Case with Black Sport Band:Apple:G-Smart Watch,Apple,G-Smart Watch,31785
M09J3HN/A,GD103AE08M1,M09J3HN/A - Apple Watch Series 6 GPS + Cellular 44mm Graphite Stainless Steel Case with Graphite Milanese Loop:Apple:G-Smart Watch,Apple,G-Smart Watch,31788
MG123HN/A,GD103AE26M1,MG123HN/A - Apple Watch Series 6 GPS 40mm Gold Aluminium Case with Pink Sand Sport Band:Apple:G-Smart Watch,Apple,G-Smart Watch,31754
MG133HN/A,GD103AE29M1,MG133HN/A - Apple Watch Series 6 GPS 40mm Space Gray Aluminium Case with Black Sport Band:Apple:G-Smart Watch,Apple,G-Smart Watch,31755
MG143HN/A,GD103AE37M1,MG143HN/A - Apple Watch Series 6 GPS 40mm Blue Aluminium Case with Deep Navy Sport Band:Apple:G-Smart Watch,Apple,G-Smart Watch,31756
MG283HN/A,GD103AE21M1,MG283HN/A - Apple Watch Series 6 GPS 40mm Silver Aluminium Case with White Sport Band:Apple:G-Smart Watch,Apple,G-Smart Watch,31757
MG2C3HN/A,GD103AE16M1,MG2C3HN/A - Apple Watch Series 6 GPS + Cellular 44mm Silver Aluminium Case with White Sport Band:Apple:G-Smart Watch,Apple,G-Smart Watch,31774
MG2D3HN/A,GD103AE17M1,MG2D3HN/A - Apple Watch Series 6 GPS + Cellular 44mm Gold Aluminium Case with Pink Sand Sport Band:Apple:G-Smart Watch,Apple,G-Smart Watch,31775
MG2E3HN/A,GD103AE40M1,MG2E3HN/A - Apple Watch Series 6 GPS + Cellular 44mm Space Grey Aluminium Case with Black Sport Band:Apple:G-Smart Watch,Apple,G-Smart Watch,31776
MG3W3ZM/A,GD103AU34M1,MG3W3ZM/A 44mm Spruce Aura/Vapor Green Nike Sport Band - Regular:Apple:M-Apple Watch Band,Apple,M-Apple Watch Band,33977
MG3X3ZM/A,GD103AU35M1,MG3X3ZM/A 44mm Blue Black/Bright Mango Nike Sport Band - Regular:Apple:M-Apple Watch Band,Apple,M-Apple Watch Band,33978
MG403ZM/A,GD103AU36M1,MG403ZM/A 44mm Obsidian Mist/Black Nike Sport Band - Regular:Apple:M-Apple Watch Band,Apple,M-Apple Watch Band,33979
MG423ZM/A,GD103AU37M1,MG423ZM/A 40mm Cyprus Green Sport Band - Regular:Apple:M-Apple Watch Band,Apple,M-Apple Watch Band,33980
MG433ZM/A,GD103AU38M1,MG433ZM/A 44mm Cyprus Green Sport Band - Regular:Apple:M-Apple Watch Band,Apple,M-Apple Watch Band,33981
MG443ZM/A,GD103AU39M1,MG443ZM/A 40mm (PRODUCT)RED Sport Loop:Apple:M-Apple Watch Band,Apple,M-Apple Watch Band,33982
MG463ZM/A,GD103AU40M1,MG463ZM/A 44mm (PRODUCT)RED Sport Loop:Apple:M-Apple Watch Band,Apple,M-Apple Watch Band,33983
MGQJ3ZM/A,GD103AU41M1,MGQJ3ZM/A 44mm Spruce Aura Nike Sport Loop:Apple:M-Apple Watch Band,Apple,M-Apple Watch Band,33984
MGQK3ZM/A,GD103AU42M1,MGQK3ZM/A 44mm Purple Pulse Nike Sport Loop:Apple:M-Apple Watch Band,Apple,M-Apple Watch Band,33985
MGQL3ZM/A,GD103AU43M1,MGQL3ZM/A 44mm Obsidian Mist Nike Sport Loop:Apple:M-Apple Watch Band,Apple,M-Apple Watch Band,33986
MGQQ3ZM/A,GD103AU44M1,MGQQ3ZM/A 44mm Ginger Sport Band - Regular:Apple:M-Apple Watch Band,Apple,M-Apple Watch Band,33987
MGX43ZM/A,GD103AU45M1,MGX43ZM/A 44mm Charcoal Sport Loop - Extra Large:Apple:M-Apple Watch Band,Apple,M-Apple Watch Band,33988
MGXC3ZM/A,GD103AU10M1,MGXC3ZM/A 44mm Diver Blue Leather Loop - Medium:Apple:M-Apple Watch Band,Apple,M-Apple Watch Band,34004
MGXD3ZM/A,GD103AU11M1,MGXD3ZM/A 44mm Diver Blue Leather Loop - Large:Apple:M-Apple Watch Band,Apple,M-Apple Watch Band,34005
MY9H2ZM/A,GD103AU16M1,MY9H2ZM/A 44mm Saddle Brown Leather Link - Small:Apple:M-Apple Watch Band,Apple,M-Apple Watch Band,34006
MY9J2ZM/A,GD103AU17M1,MY9J2ZM/A 44mm Saddle Brown Leather Link - Large:Apple:M-Apple Watch Band,Apple,M-Apple Watch Band,34007
MY9K2ZM/A,GD103AU18M1,MY9K2ZM/A 44mm Baltic Blue Leather Link - Small:Apple:M-Apple Watch Band,Apple,M-Apple Watch Band,34008
MY9L2ZM/A,GD103AU19M1,MY9L2ZM/A 44mm Baltic Blue Leather Link - Large:Apple:M-Apple Watch Band,Apple,M-Apple Watch Band,34009
MY9M2ZM/A,GD103AU20M1,MY9M2ZM/A 44mm Black Leather Link - Small:Apple:M-Apple Watch Band,Apple,M-Apple Watch Band,34010
MY9N2ZM/A,GD103AU22M1,MY9N2ZM/A 44mm Black Leather Link - Large:Apple:M-Apple Watch Band,Apple,M-Apple Watch Band,34011
MY9P2ZM/A,GD103AU23M1,MY9P2ZM/A 44mm California Poppy Leather Link - Small:Apple:M-Apple Watch Band,Apple,M-Apple Watch Band,34012
MY9Q2ZM/A,GD103AU24M1,MY9Q2ZM/A 44mm California Poppy Leather Link - Large:Apple:M-Apple Watch Band,Apple,M-Apple Watch Band,34013
MYA02ZM/A,GD103AU32M1,MYA02ZM/A 40mm Kumquat Sport Loop:Apple:M-Apple Watch Band,Apple,M-Apple Watch Band,34014
MYA12ZM/A,GD103AU32 M1,MYA12ZM/A 40mm Inverness Green Sport Loop:Apple:M-Apple Watch Band,Apple,M-Apple Watch Band,34015
MYA22ZM/A,GD103AU60M1,MYA22ZM/A 40mm Deep Navy Sport Loop:Apple:M-Apple Watch Band,Apple,M-Apple Watch Band,34016
MYA42ZM/A,GD103AU61M1,MYA42ZM/A 40mm Charcoal Sport Loop:Apple:M-Apple Watch Band,Apple,M-Apple Watch Band,34017
MYA72ZM/A,GD103AU62M1,MYA72ZM/A 44mm Inverness Green Sport Loop:Apple:M-Apple Watch Band,Apple,M-Apple Watch Band,34018
MYA82ZM/A,GD103AU63M1,MYA82ZM/A 44mm Deep Navy Sport Loop:Apple:M-Apple Watch Band,Apple,M-Apple Watch Band,34019
MYA92ZM/A,GD103AU64M1,MYA92ZM/A 44mm Plum Sport Loop:Apple:M-Apple Watch Band,Apple,M-Apple Watch Band,34020
MYAA2ZM/A,GD103AU65M1,MYAA2ZM/A 44mm Charcoal Sport Loop:Apple:M-Apple Watch Band,Apple,M-Apple Watch Band,34021
MYAP2ZM/A,GD103AU26M1,MYAP2ZM/A 44mm Gold Milanese Loop:Apple:M-Apple Watch Band,Apple,M-Apple Watch Band,34022
MYAQ2ZM/A,GD103AU27M1,MYAQ2ZM/A 44mm Graphite Milanese Loop:Apple:M-Apple Watch Band,Apple,M-Apple Watch Band,34023
MYAR2ZM/A,GD103AU48M1,MYAR2ZM/A 40mm (PRODUCT)RED Sport Band - Regular:Apple:M-Apple Watch Band,Apple,M-Apple Watch Band,34024
MYAT2ZM/A,GD103AU49M1,MYAT2ZM/A 40mm Pink Citrus Sport Band - Regular:Apple:M-Apple Watch Band,Apple,M-Apple Watch Band,34025
MYAU2ZM/A,GD103AU50M1,MYAU2ZM/A 40mm Deep Navy Sport Band - Regular:Apple:M-Apple Watch Band,Apple,M-Apple Watch Band,34026
MYAV2ZM/A,GD103AU51M1,MYAV2ZM/A 44mm (PRODUCT)RED Sport Band - Regular:Apple:M-Apple Watch Band,Apple,M-Apple Watch Band,34027
MYAX2ZM/A,GD103AU52M1,MYAX2ZM/A 44mm Deep Navy Sport Band - Regular:Apple:M-Apple Watch Band,Apple,M-Apple Watch Band,34028
MGYQ3ZM/A,GD103AS95,MGYQ3ZM/A Smart Cover for iPad (8th Gen) - Deep Navy:Apple:M-Acc Pad,Apple,M-Acc Pad,34029
MYL92HN/A,GD103AC34M1,MYL92HN/A - 10.2-inch iPad Wi-Fi (8th Gen) - 32GB - Space Grey:Apple:M-PAD,Apple,M-PAD,31789
MYLA2HN/A,GD103AC41M1,MYLA2HN/A - 10.2-inch iPad Wi-Fi (8th Gen) - 32GB - Silver:Apple:M-PAD,Apple,M-PAD,31790
MYLC2HN/A,GD103AC48M1,MYLC2HN/A - 10.2-inch iPad Wi-Fi (8th Gen) - 32GB - Gold:Apple:M-PAD,Apple,M-PAD,31791
MYLD2HN/A,GD103AC47M1,MYLD2HN/A - 10.2-inch iPad Wi-Fi (8th Gen) - 128GB - Space Grey:Apple:M-PAD,Apple,M-PAD,31795
MYLE2HN/A,GD103AC43M1,MYLE2HN/A - 10.2-inch iPad Wi-Fi (8th Gen) - 128GB - Silver:Apple:M-PAD,Apple,M-PAD,31796
MYLF2HN/A,GD103AC46M1,MYLF2HN/A - 10.2-inch iPad Wi-Fi (8th Gen) - 128GB - Gold:Apple:M-PAD,Apple,M-PAD,31797
MYMH2HN/A,GD103AC40M1,MYMH2HN/A - 10.2-inch iPad Wi-Fi + Cellular (8th Gen) - 32GB - Space Grey:Apple:M-PAD,Apple,M-PAD,31792
MYMJ2HN/A,GD103AC42M1,MYMJ2HN/A - 10.2-inch iPad Wi-Fi + Cellular (8th Gen) - 32GB - Silver:Apple:M-PAD,Apple,M-PAD,31793
MYMK2HN/A,GD103AC31M1,MYMK2HN/A - 10.2-inch iPad Wi-Fi + Cellular (8th Gen) - 32GB - Gold:Apple:M-PAD,Apple,M-PAD,31794
MYML2HN/A,GD103AC37M1,MYML2HN/A - 10.2-inch iPad Wi-Fi + Cellular (8th Gen) - 128GB - Space Grey:Apple:M-PAD,Apple,M-PAD,31798
MYMM2HN/A,GD103AC39M1,MYMM2HN/A - 10.2-inch iPad Wi-Fi + Cellular (8th Gen) - 128GB - Silver:Apple:M-PAD,Apple,M-PAD,31799
MYMN2HN/A,GD103AC38M1,MYMN2HN/A - 10.2-inch iPad Wi-Fi + Cellular (8th Gen) - 128GB - Gold:Apple:M-PAD,Apple,M-PAD,31800
MYFM2HN/A,GD103AC36M1,MYFM2HN/A - 10.9-inch iPad Air Wi-Fi 64GB - Space Grey:Apple:M-PAD,Apple,M-PAD,32442
MYFN2HN/A,GD103AC32M1,MYFN2HN/A - 10.9-inch iPad Air Wi-Fi 64GB - Silver:Apple:M-PAD,Apple,M-PAD,32443
MYFP2HN/A,GD103AC35M1,MYFP2HN/A - 10.9-inch iPad Air Wi-Fi 64GB - Rose Gold:Apple:M-PAD,Apple,M-PAD,32444
MYFQ2HN/A,GD103AC30M1,MYFQ2HN/A - 10.9-inch iPad Air Wi-Fi 64GB - Sky Blue:Apple:M-PAD,Apple,M-PAD,32445
MYFR2HN/A,GD103AC23M1,MYFR2HN/A - 10.9-inch iPad Air Wi-Fi 64GB - Green:Apple:M-PAD,Apple,M-PAD,32446
MYFT2HN/A,GD103AC29M1,MYFT2HN/A - 10.9-inch iPad Air Wi-Fi 256GB - Space Grey:Apple:M-PAD,Apple,M-PAD,32452
MYFW2HN/A,GD103AC33M1,MYFW2HN/A - 10.9-inch iPad Air Wi-Fi 256GB - Silver:Apple:M-PAD,Apple,M-PAD,32453
MYFX2HN/A,GD103AC45M1,MYFX2HN/A - 10.9-inch iPad Air Wi-Fi 256GB - Rose Gold:Apple:M-PAD,Apple,M-PAD,32454
MYFY2HN/A,GD103AC26M1,MYFY2HN/A - 10.9-inch iPad Air Wi-Fi 256GB - Sky Blue:Apple:M-PAD,Apple,M-PAD,32455
MYG02HN/A,GD103AC25M1,MYG02HN/A - 10.9-inch iPad Air Wi-Fi 256GB - Green:Apple:M-PAD,Apple,M-PAD,32456
MYGW2HN/A,GD103AC27M1,MYGW2HN/A - 10.9-inch iPad Air Wi-Fi + Cellular 64GB - Space Grey:Apple:M-PAD,Apple,M-PAD,32447
MYGX2HN/A,GD103AC24M1,MYGX2HN/A - 10.9-inch iPad Air Wi-Fi + Cellular 64GB - Silver:Apple:M-PAD,Apple,M-PAD,32448
MYGY2HN/A,GD103AB63M1,MYGY2HN/A - 10.9-inch iPad Air Wi-Fi + Cellular 64GB - Rose Gold:Apple:M-PAD,Apple,M-PAD,32449
MYH02HN/A,GD103AC28M1,MYH02HN/A - 10.9-inch iPad Air Wi-Fi + Cellular 64GB - Sky Blue:Apple:M-PAD,Apple,M-PAD,32450
MYH12HN/A,GD103AC22M1,MYH12HN/A - 10.9-inch iPad Air Wi-Fi + Cellular 64GB - Green:Apple:M-PAD,Apple,M-PAD,32451
MYH22HN/A,GD103AB75M1,MYH22HN/A - 10.9-inch iPad Air Wi-Fi + Cellular 256GB - Space Grey:Apple:M-PAD,Apple,M-PAD,32457
MYH42HN/A,GD103AB79M1,MYH42HN/A - 10.9-inch iPad Air Wi-Fi + Cellular 256GB - Silver:Apple:M-PAD,Apple,M-PAD,32458
MYH52HN/A,GD103AB82M1,MYH52HN/A - 10.9-inch iPad Air Wi-Fi + Cellular 256GB - Rose Gold:Apple:M-PAD,Apple,M-PAD,32459
MYH62HN/A,GD103AB64M1,MYH62HN/A - 10.9-inch iPad Air Wi-Fi + Cellular 256GB - Sky Blue:Apple:M-PAD,Apple,M-PAD,32460
MYH72HN/A,GD103AB66M1,MYH72HN/A - 10.9-inch iPad Air Wi-Fi + Cellular 256GB - Green:Apple:M-PAD,Apple,M-PAD,32461
MGJ53HN/A,GD103AK22M3,MGJ53HN/A I PHONE 12 64GB - Black:Apple:M-Mobile,Apple,M-Mobile,32115
MGJ63HN/A,GD103AK23M3,MGJ63HN/A I PHONE 12 64GB - White:Apple:M-Mobile,Apple,M-Mobile,32116
MGJ73HN/A,GD103AK24M3,MGJ73HN/A I PHONE 12 64GB - Red:Apple:M-Mobile,Apple,M-Mobile,32117
MGJ83HN/A,GD103AK25M3,MGJ83HN/A I PHONE 12 64GB - Blue:Apple:M-Mobile,Apple,M-Mobile,32118
MGJ93HN/A,GD103AK26M3,MGJ93HN/A I PHONE 12 64GB - Green:Apple:M-Mobile,Apple,M-Mobile,32119
MGJA3HN/A,GD103AK34M3,MGJA3HN/A I PHONE 12 128GB - Black:Apple:M-Mobile,Apple,M-Mobile,32120
MGJC3HN/A,GD103AK35M3,MGJC3HN/A I PHONE 12 128GB - White:Apple:M-Mobile,Apple,M-Mobile,32121
MGJD3HN/A,GD103AK36M3,MGJD3HN/A I PHONE 12 128GB - Red:Apple:M-Mobile,Apple,M-Mobile,32122
MGJE3HN/A,GD103AK37M3,MGJE3HN/A I PHONE 12 128GB - Blue:Apple:M-Mobile,Apple,M-Mobile,32123
MGJF3HN/A,GD103AK38M3,MGJF3HN/A I PHONE 12 128GB - Green:Apple:M-Mobile,Apple,M-Mobile,32124
MGJG3HN/A,GD103AK39M3,MGJG3HN/A I PHONE 12 256GB - Black:Apple:M-Mobile,Apple,M-Mobile,32125
MGJH3HN/A,GD103AK40M3,MGJH3HN/A I PHONE 12 256GB - White:Apple:M-Mobile,Apple,M-Mobile,32126
MGJJ3HN/A,GD103AK41M3,MGJJ3HN/A I PHONE 12 256GB - Red:Apple:M-Mobile,Apple,M-Mobile,32127
MGJK3HN/A,GD103AK42M3,MGJK3HN/A I PHONE 12 256GB - Blue:Apple:M-Mobile,Apple,M-Mobile,32128
MGJL3HN/A,GD103AK47M3,MGJL3HN/A I PHONE 12 256GB - Green:Apple:M-Mobile,Apple,M-Mobile,32129
MGDX3HN/A,GD103AK45M3,MGDX3HN/A I PHONE 12 Mini 64GB - Black:Apple:M-Mobile,Apple,M-Mobile,32130
MGDY3HN/A,GD103AK44M3,MGDY3HN/A I PHONE 12 Mini 64GB - White:Apple:M-Mobile,Apple,M-Mobile,32132
MGE03HN/A,GD103AK43M3,MGE03HN/A I PHONE 12 Mini 64GB - Red:Apple:M-Mobile,Apple,M-Mobile,32133
MGE13HN/A,GD103AK46M3,MGE13HN/A I PHONE 12 Mini 64GB - Blue:Apple:M-Mobile,Apple,M-Mobile,32134
MGE23HN/A,GD103AK64M3,MGE23HN/A I PHONE 12 Mini 64GB - Green:Apple:M-Mobile,Apple,M-Mobile,32135
MGE33HN/A,GD103AK63M3,MGE33HN/A I PHONE 12 Mini 128GB - Black:Apple:M-Mobile,Apple,M-Mobile,32136
MGE43HN/A,GD103AK57M3,MGE43HN/A I PHONE 12 Mini 128GB - White:Apple:M-Mobile,Apple,M-Mobile,32137
MGE53HN/A,GD103AK62M3,MGE53HN/A I PHONE 12 Mini 128GB - Red:Apple:M-Mobile,Apple,M-Mobile,32138
MGE63HN/A,GD103AK61M3,MGE63HN/A I PHONE 12 Mini 128GB - Blue:Apple:M-Mobile,Apple,M-Mobile,32139
MGE73HN/A,GD103AK60M3,MGE73HN/A I PHONE 12 Mini 128GB - Green:Apple:M-Mobile,Apple,M-Mobile,32140
MGE93HN/A,GD103AK59M3,MGE93HN/A I PHONE 12 Mini 256GB - Black:Apple:M-Mobile,Apple,M-Mobile,32141
MGEA3HN/A,GD103AK58M3,MGEA3HN/A I PHONE 12 Mini 256GB - White:Apple:M-Mobile,Apple,M-Mobile,32142
MGEC3HN/A,GD103AK75M3,MGEC3HN/A I PHONE 12 Mini 256GB - Red:Apple:M-Mobile,Apple,M-Mobile,32143
MGED3HN/A,GD103AL14M3,MGED3HN/A I PHONE 12 Mini 256GB - Blue:Apple:M-Mobile,Apple,M-Mobile,32144
MGEE3HN/A,GD103AL15M3,MGEE3HN/A I PHONE 12 Mini 256GB - Green:Apple:M-Mobile,Apple,M-Mobile,32145
MGMK3HN/A,GD103AL16M3,MGMK3HN/A I PHONE 12 Pro 128GB - Graphite:Apple:M-Mobile,Apple,M-Mobile,32146
MGML3HN/A,GD103AL17M3,MGML3HN/A I PHONE 12 Pro 128GB - Silver:Apple:M-Mobile,Apple,M-Mobile,32147
MGMM3HN/A,GD103AL18M3,MGMM3HN/A I PHONE 12 Pro 128GB - Gold:Apple:M-Mobile,Apple,M-Mobile,32148
MGMN3HN/A,GD103AL19M3,MGMN3HN/A I PHONE 12 Pro 128GB - Pacific Blue:Apple:M-Mobile,Apple,M-Mobile,32149
MGMP3HN/A,GD103AL13M3,MGMP3HN/A I PHONE 12 Pro 256GB - Graphite:Apple:M-Mobile,Apple,M-Mobile,32150
MGMQ3HN/A,GD103AL20M3,MGMQ3HN/A I PHONE 12 Pro 256GB - Silver:Apple:M-Mobile,Apple,M-Mobile,32151
MGMR3HN/A,GD103AL21M3,MGMR3HN/A I PHONE 12 Pro 256GB - Gold:Apple:M-Mobile,Apple,M-Mobile,32152
MGMT3HN/A,GD103AL22M3,MGMT3HN/A I PHONE 12 Pro 256GB - Pacific Blue:Apple:M-Mobile,Apple,M-Mobile,32153
MGMU3HN/A,GD103AL23M3,MGMU3HN/A I PHONE 12 Pro 512GB - Graphite:Apple:M-Mobile,Apple,M-Mobile,32154
MGMV3HN/A,GD103AL24M3,MGMV3HN/A I PHONE 12 Pro 512GB - Silver:Apple:M-Mobile,Apple,M-Mobile,32155
MGMW3HN/A,GD103AL25M3,MGMW3HN/A I PHONE 12 Pro 512GB - Gold:Apple:M-Mobile,Apple,M-Mobile,32156
MGMX3HN/A,GD103AL26M3,MGMX3HN/A I PHONE 12 Pro 512GB - Pacific Blue:Apple:M-Mobile,Apple,M-Mobile,32157
MGD73HN/A,GD103AL27M3,MGD73HN/A I PHONE 12 Pro Max 128GB - Graphite:Apple:M-Mobile,Apple,M-Mobile,32158
MGD83HN/A,GD103AL28M3,MGD83HN/A I PHONE 12 Pro Max 128GB - Silver:Apple:M-Mobile,Apple,M-Mobile,32159
MGD93HN/A,GD103AL30M3,MGD93HN/A I PHONE 12 Pro Max 128GB - Gold:Apple:M-Mobile,Apple,M-Mobile,32160
MGDA3HN/A,GD103AL31M3,MGDA3HN/A I PHONE 12 Pro Max 128GB - Pacific Blue:Apple:M-Mobile,Apple,M-Mobile,32161
MGDC3HN/A,GD103AL29M3,MGDC3HN/A I PHONE 12 Pro Max 256GB - Graphite:Apple:M-Mobile,Apple,M-Mobile,32162
MGDD3HN/A,GD103AL32M3,MGDD3HN/A I PHONE 12 Pro Max 256GB - Silver:Apple:M-Mobile,Apple,M-Mobile,32163
MGDE3HN/A,GD103AL33M3,MGDE3HN/A I PHONE 12 Pro Max 256GB - Gold:Apple:M-Mobile,Apple,M-Mobile,32164
MGDF3HN/A,GD103AL34M3,MGDF3HN/A I PHONE 12 Pro Max 256GB - Pacific Blue:Apple:M-Mobile,Apple,M-Mobile,32165
MGDG3HN/A,GD103AL35M3,MGDG3HN/A I PHONE 12 Pro Max 512GB - Graphite:Apple:M-Mobile,Apple,M-Mobile,32166
MGDH3HN/A,GD103AL36M3,MGDH3HN/A I PHONE 12 Pro Max 512GB - Silver:Apple:M-Mobile,Apple,M-Mobile,32167
MGDK3HN/A,GD103AL37M3,MGDK3HN/A I PHONE 12 Pro Max 512GB - Gold:Apple:M-Mobile,Apple,M-Mobile,32168
MGDL3HN/A,GD103AL38M3,MGDL3HN/A I PHONE 12 Pro Max 512GB - Pacific Blue:Apple:M-Mobile,Apple,M-Mobile,32169
MHDA3HN/A,GD103AK48M3,MHDA3HN/A I PHONE 11 64GB - Black:Apple:M-Mobile,Apple,M-Mobile,32097
MHDC3HN/A,GD103AK49M3,MHDC3HN/A I PHONE 11 64GB - White:Apple:M-Mobile,Apple,M-Mobile,32098
MHDD3HN/A,GD103AK50M3,MHDD3HN/A I PHONE 11 64GB - Red:Apple:M-Mobile,Apple,M-Mobile,32099
MHDE3HN/A,GD103AK51M3,MHDE3HN/A I PHONE 11 64GB - Yellow:Apple:M-Mobile,Apple,M-Mobile,32100
MHDF3HN/A,GD103AK52M3,MHDF3HN/A I PHONE 11 64GB - Purple:Apple:M-Mobile,Apple,M-Mobile,32101
MHDG3HN/A,GD103AK53M3,MHDG3HN/A I PHONE 11 64GB - Green:Apple:M-Mobile,Apple,M-Mobile,32102
MHDH3HN/A,GD103AK54M3,MHDH3HN/A I PHONE 11 128GB - Black:Apple:M-Mobile,Apple,M-Mobile,32103
MHDJ3HN/A,GD103AK55M3,MHDJ3HN/A I PHONE 11 128GB - White:Apple:M-Mobile,Apple,M-Mobile,32104
MHDK3HN/A,GD103AK56M3,MHDK3HN/A I PHONE 11 128GB - Red:Apple:M-Mobile,Apple,M-Mobile,32105
MHDL3HN/A,GD103AK65M3,MHDL3HN/A I PHONE 11 128GB - Yellow:Apple:M-Mobile,Apple,M-Mobile,32106
MHDM3HN/A,GD103AK27M3,MHDM3HN/A I PHONE 11 128GB - Purple:Apple:M-Mobile,Apple,M-Mobile,32107
MHDN3HN/A,GD103AK28M3,MHDN3HN/A I PHONE 11 128GB - Green:Apple:M-Mobile,Apple,M-Mobile,32108
MHDP3HN/A,GD103AK29M3,MHDP3HN/A I PHONE 11 256GB - Black:Apple:M-Mobile,Apple,M-Mobile,32109
MHDQ3HN/A,GD103AK30M3,MHDQ3HN/A I PHONE 11 256GB - White:Apple:M-Mobile,Apple,M-Mobile,32110
MHDR3HN/A,GD103AK31M3,MHDR3HN/A I PHONE 11 256GB - Red:Apple:M-Mobile,Apple,M-Mobile,32111
MHDT3HN/A,GD103AK32M3,MHDT3HN/A I PHONE 11 256GB - Yellow:Apple:M-Mobile,Apple,M-Mobile,32112
MHDU3HN/A,GD103AK33M3,MHDU3HN/A I PHONE 11 256GB - Purple:Apple:M-Mobile,Apple,M-Mobile,32113
MHDV3HN/A,GD103AK21M3,MHDV3HN/A I PHONE 11 256GB - Green:Apple:M-Mobile,Apple,M-Mobile,32114
MHGP3HN/A,GD103AL05M3,MHGP3HN/A I PHONE SE 2020 64GB - Black:Apple:M-Mobile,Apple,M-Mobile,32170
MHGQ3HN/A,GD103AL06M3,MHGQ3HN/A I PHONE SE 2020 64GB - White:Apple:M-Mobile,Apple,M-Mobile,32171
MHGR3HN/A,GD103AL07M3,MHGR3HN/A I PHONE SE 2020 64GB - Red:Apple:M-Mobile,Apple,M-Mobile,32172
MHGT3HN/A,GD103AL10M3,MHGT3HN/A I PHONE SE 2020 128GB - Black:Apple:M-Mobile,Apple,M-Mobile,32173
MHGU3HN/A,GD103AK96M3,MHGU3HN/A I PHONE SE 2020 128GB - White:Apple:M-Mobile,Apple,M-Mobile,32174
MHGV3HN/A,GD103AK73M3,MHGV3HN/A I PHONE SE 2020 128GB - Red:Apple:M-Mobile,Apple,M-Mobile,32175
MH6M3HN/A,GD103AK98M3,MH6M3HN/A I PHONE XR 64GB - Black:Apple:M-Mobile,Apple,M-Mobile,32179
MH7L3HN/A,GD103AK67M3,MH7L3HN/A I PHONE XR 128GB - Black:Apple:M-Mobile,Apple,M-Mobile,32185
MH7M3HN/A,GD103AK68M3,MH7M3HN/A I PHONE XR 128GB - White:Apple:M-Mobile,Apple,M-Mobile,32186
MHJD3HN/A,GD103AL82M1,MHJD3HN/A - 20W USB-C Power Adapter - White:Apple:A-Charger,Apple,A-Charger,32394
MHK63ZM/A,GD103AL84M1,MHK63ZM/A - iPhone 12 mini Leather Case with MagSafe - California Poppy:Apple:A-Back Case,Apple,A-Back Case,32396
MHK73ZM/A,GD103AL85M1,MHK73ZM/A - iPhone 12 mini Leather Case with MagSafe - Red:Apple:A-Back Case,Apple,A-Back Case,32397
MHK83ZM/A,GD103AL86M1,MHK83ZM/A - iPhone 12 mini Leather Case with MagSafe - Baltic Blue:Apple:A-Back Case,Apple,A-Back Case,32398
MHK93ZM/A,GD103AL87M1,MHK93ZM/A - iPhone 12 mini Leather Case with MagSafe - Saddle Brown:Apple:A-Back Case,Apple,A-Back Case,32399
MHKA3ZM/A,GD103AL88M1,MHKA3ZM/A - iPhone 12 mini Leather Case with MagSafe - Black:Apple:A-Back Case,Apple,A-Back Case,32400
MHKC3ZM/A,GD103AL89M1,MHKC3ZM/A - iPhone 12 | 12 Pro Leather Case with MagSafe - California Poppy:Apple:A-Back Case,Apple,A-Back Case,32401
MHKD3ZM/A,GD103AL90M1,MHKD3ZM/A - iPhone 12 | 12 Pro Leather Case with MagSafe - Red:Apple:A-Back Case,Apple,A-Back Case,32402
MHKE3ZM/A,GD103AL91M1,MHKE3ZM/A - iPhone 12 | 12 Pro Leather Case with MagSafe - Baltic Blue:Apple:A-Back Case,Apple,A-Back Case,32403
MHKF3ZM/A,GD103AL92M1,MHKF3ZM/A - iPhone 12 | 12 Pro Leather Case with MagSafe - Saddle Brown:Apple:A-Back Case,Apple,A-Back Case,32404
MHKG3ZM/A,GD103AL93M1,MHKG3ZM/A - iPhone 12 | 12 Pro Leather Case with MagSafe - Black:Apple:A-Back Case,Apple,A-Back Case,32405
MHKH3ZM/A,GD103AL94M1,MHKH3ZM/A - iPhone 12 Pro Max Leather Case with MagSafe - California Poppy:Apple:A-Back Case,Apple,A-Back Case,32406
MHKJ3ZM/A,GD103AL95M1,MHKJ3ZM/A - iPhone 12 Pro Max Leather Case with MagSafe - Red:Apple:A-Back Case,Apple,A-Back Case,32407
MHKK3ZM/A,GD103AL96M1,MHKK3ZM/A - iPhone 12 Pro Max Leather Case with MagSafe - Baltic Blue:Apple:A-Back Case,Apple,A-Back Case,32408
MHKL3ZM/A,GD103AL97M1,MHKL3ZM/A - iPhone 12 Pro Max Leather Case with MagSafe - Saddle Brown:Apple:A-Back Case,Apple,A-Back Case,32409
MHKM3ZM/A,GD103AL98M1,MHKM3ZM/A - iPhone 12 Pro Max Leather Case with MagSafe - Black:Apple:A-Back Case,Apple,A-Back Case,32410
MHKN3ZM/A,GD103AL72M1,MHKN3ZM/A - iPhone 12 mini Silicone Case with MagSafe - Kumquat:Apple:A-Back Case,Apple,A-Back Case,32411
MHKP3ZM/A,GD103AL73M1,MHKP3ZM/A - iPhone 12 mini Silicone Case with MagSafe - Pink Citrus:Apple:A-Back Case,Apple,A-Back Case,32412
MHKQ3ZM/A,GD103AL74M1,MHKQ3ZM/A - iPhone 12 mini Silicone Case with MagSafe - Plum:Apple:A-Back Case,Apple,A-Back Case,32413
MHKR3ZM/A,GD103AL75M1,MHKR3ZM/A - iPhone 12 mini Silicone Case with MagSafe - Cypress Green:Apple:A-Back Case,Apple,A-Back Case,32414
MHKU3ZM/A,GD103AL76M1,MHKU3ZM/A - iPhone 12 mini Silicone Case with MagSafe - Deep Navy:Apple:A-Back Case,Apple,A-Back Case,32415
MHKV3ZM/A,GD103AL77M1,MHKV3ZM/A - iPhone 12 mini Silicone Case with MagSafe - White:Apple:A-Back Case,Apple,A-Back Case,32416
MHKW3ZM/A,GD103AL99M1,MHKW3ZM/A - iPhone 12 mini Silicone Case with MagSafe - Red:Apple:A-Back Case,Apple,A-Back Case,32417
MHKX3ZM/A,GD103AM01M1,MHKX3ZM/A - iPhone 12 mini Silicone Case with MagSafe - Black:Apple:A-Back Case,Apple,A-Back Case,32418
MHKY3ZM/A,GD103AM02M1,MHKY3ZM/A - iPhone 12 | 12 Pro Silicone Case with MagSafe - Kumquat:Apple:A-Back Case,Apple,A-Back Case,32419
MHL03ZM/A,GD103AM03M1,MHL03ZM/A - iPhone 12 | 12 Pro Silicone Case with MagSafe - Pink Citrus:Apple:A-Back Case,Apple,A-Back Case,32420
MHL23ZM/A,GD103AM12M1,MHL23ZM/A - iPhone 12 | 12 Pro Silicone Case with MagSafe - Plum:Apple:A-Back Case,Apple,A-Back Case,32421
MHL33ZM/A,GD103AM19M1,MHL33ZM/A - iPhone 12 | 12 Pro Silicone Case with MagSafe - Cypress Green:Apple:A-Back Case,Apple,A-Back Case,32422
MHL43ZM/A,GD103AM20M1,MHL43ZM/A - iPhone 12 | 12 Pro Silicone Case with MagSafe - Deep Navy:Apple:A-Back Case,Apple,A-Back Case,32423
MHL53ZM/A,GD103AM08M1,MHL53ZM/A - iPhone 12 | 12 Pro Silicone Case with MagSafe - White:Apple:A-Back Case,Apple,A-Back Case,32424
MHL63ZM/A,GD103AM05M1,MHL63ZM/A - iPhone 12 | 12 Pro Silicone Case with MagSafe - Red:Apple:A-Back Case,Apple,A-Back Case,32425
MHL73ZM/A,GD103AM06M1,MHL73ZM/A - iPhone 12 | 12 Pro Silicone Case with MagSafe - Black:Apple:A-Back Case,Apple,A-Back Case,32426
MHL83ZM/A,GD103AM07M1,MHL83ZM/A - iPhone 12 Pro Max Silicone Case with MagSafe - Kumquat:Apple:A-Back Case,Apple,A-Back Case,32427
MHL93ZM/A,GD103AM21M1,MHL93ZM/A - iPhone 12 Pro Max Silicone Case with MagSafe - Pink Citrus:Apple:A-Back Case,Apple,A-Back Case,32428
MHLA3ZM/A,GD103AM09M1,MHLA3ZM/A - iPhone 12 Pro Max Silicone Case with MagSafe - Plum:Apple:A-Back Case,Apple,A-Back Case,32429
MHLC3ZM/A,GD103AM10M1,MHLC3ZM/A - iPhone 12 Pro Max Silicone Case with MagSafe - Cypress Green:Apple:A-Back Case,Apple,A-Back Case,32430
MHLD3ZM/A,GD103AM11M1,MHLD3ZM/A - iPhone 12 Pro Max Silicone Case with MagSafe - Deep Navy:Apple:A-Back Case,Apple,A-Back Case,32431
MHLE3ZM/A,GD103AM18M1,MHLE3ZM/A - iPhone 12 Pro Max Silicone Case with MagSafe - White:Apple:A-Back Case,Apple,A-Back Case,32432
MHLF3ZM/A,GD103AM13M1,MHLF3ZM/A - iPhone 12 Pro Max Silicone Case with MagSafe - Red:Apple:A-Back Case,Apple,A-Back Case,32433
MHLG3ZM/A,GD103AM15M1,MHLG3ZM/A - iPhone 12 Pro Max Silicone Case with MagSafe - Black:Apple:A-Back Case,Apple,A-Back Case,32434
MHLL3ZM/A,GD103AM16M1,MHLL3ZM/A - iPhone 12 mini Clear Case with MagSafe:Apple:A-Back Case,Apple,A-Back Case,32435
MHLM3ZM/A,GD103AM17M1,MHLM3ZM/A - iPhone 12 | 12 Pro Clear Case with MagSafe:Apple:A-Back Case,Apple,A-Back Case,32436
MHLN3ZM/A,GD103AL83M1,MHLN3ZM/A - iPhone 12 Pro Max Clear Case with MagSafe:Apple:A-Back Case,Apple,A-Back Case,32437
MHLP3ZM/A,GD103AL68M1,MHLP3ZM/A - iPhone Leather Wallet with MagSafe - California Poppy:Apple:A-Back Case,Apple,A-Back Case,32438
MHLQ3ZM/A,GD103AL69M1,MHLQ3ZM/A - iPhone Leather Wallet with MagSafe - Baltic Blue:Apple:A-Back Case,Apple,A-Back Case,32439
MHLR3ZM/A,GD103AL70M1,MHLR3ZM/A - iPhone Leather Wallet with MagSafe - Saddle Brown:Apple:A-Back Case,Apple,A-Back Case,32440
MHLT3ZM/A,GD103AL71M1,MHLT3ZM/A - iPhone Leather Wallet with MagSafe - Black:Apple:A-Back Case,Apple,A-Back Case,32441
MHXH3ZM/A,GD103AL80M1,MHXH3ZM/A - MagSafe Charger - White:Apple:A-Charger,Apple,A-Charger,32395
MYMC2ZM/A,GD103AL79M1,MYMC2ZM/A Beats Flex - Beats Black:Beats:M-Bluetooth,Beats,M-Bluetooth,33418
MYMD2ZM/A,GD103AL81M1,MYMD2ZM/A Beats Flex - Yuzu Yellow:Beats:M-Bluetooth,Beats,M-Bluetooth,33419
MY5G2HN/A,GD103AL78M1,MY5G2HN/A HomePod Mini - Space Grey:Apple:G-IOT Smart,Apple,G-IOT Smart,32626
MY5H2HN/A,GD103AL67M1,MY5H2HN/A HomePod Mini - White:Apple:G-IOT Smart,Apple,G-IOT Smart,32628
MGNR3HN/A,GD103AO65M1,MGNR3HN/A Mac Mini M1 8 CPU 8 GPU 256GB SSD:Apple:M-Mac,Apple,M-Mac,34032
MGNT3HN/A,GD103AO66M1,MGNT3HN/A Mac Mini M1 8 CPU 8 GPU 512GB SSD:Apple:M-Mac,Apple,M-Mac,34033
MGN63HN/A,GD103AO63M1,"MGN63HN/A 13 "" MacBook Air M1 8  CPU 7  GPU 256GB Space Grey:Apple:M-Mac",Apple,M-Mac,32757
MGN73HN/A,GD103AO62M1,"MGN73HN/A 13 "" MacBook Air M1 8  CPU 8  GPU 512GB Space Grey:Apple:M-Mac",Apple,M-Mac,32760
MGN93HN/A,GD103AO64M1,MGN93HN/A 13 inch MacBook Air M1 chip with 8 Core CPU and 7 Core GPU 256GB Silver:Apple:M-Mac,Apple,M-Mac,32758
MGNA3HN/A,GD103AO56M1,"MGNA3HN/A 13"" MacBook Air M1 8 CPU 8 GPU 512GB-Silver:Apple:M-Mac",Apple,M-Mac,32761
MGND3HN/A,GD103AO57M1,"MGND3HN/A 13 "" MacBook Air M1 8  CPU 7  GPU 256GB Gold:Apple:M-Mac",Apple,M-Mac,32759
MGNE3HN/A,GD103AO58M1,"MGNE3HN/A 13"" MacBook Air M1 8 CPU 8 GPU 512GB-Gold:Apple:M-Mac",Apple,M-Mac,32762
MYD82HN/A,GD103AO59M1,"MYD82HN/A 13 "" MacBook Pro M1 8 CPU 8 GPU 256GB-Space Grey:Apple:M-Mac",Apple,M-Mac,32763
MYD92HN/A,GD103AO60M1,"MYD92HN/A 13 "" MacBook Pro M1 8 CPU 8 GPU 512GB-Space Grey:Apple:M-Mac",Apple,M-Mac,32765
MYDA2HN/A,GD103AO61M1,"MYDA2HN/A 13 "" MacBook Pro M1 8 CPU 8 GPU 256GB-Silver:Apple:M-Mac",Apple,M-Mac,32764
MYDC2HN/A,GD103AO55M1,MYDC2HN/A 13 inch MacBook Pro M1 chip with 8 Core CPU and 8 Core GPU 512GB Silver:Apple:M-Mac,Apple,M-Mac,32766
MGN03HN/A,GD103Z608M1,MGN03HN/A - USB Power Adapter (12W) - White:Apple:A-Charger,Apple,A-Charger,31821
MGYH3HN/A,GD103AR12M1,MGYH3HN/A AirPods Max - Space Grey:Apple:G-Boom Headset,Apple,G-Boom Headset,34034
MGYJ3HN/A,GD103AR13M1,MGYJ3HN/A AirPods Max - Silver:Apple:G-Boom Headset,Apple,G-Boom Headset,33096
MGYL3HN/A,GD103AR14M1,MGYL3HN/A AirPods Max - Sky Blue:Apple:G-Boom Headset,Apple,G-Boom Headset,34035
MGYM3HN/A,GD103AR15M1,MGYM3HN/A AirPods Max - Pink:Apple:G-Boom Headset,Apple,G-Boom Headset,34036
MGYN3HN/A,GD103AR16M1,MGYN3HN/A AirPods Max - Green:Apple:G-Boom Headset,Apple,G-Boom Headset,34037
MX3L2HN/A,GD103AR17M1,MX3L2HN/A Smart Keyboard for iPad (8th Gen) - Space Grey:Apple:M-Acc Pad,Apple,M-Acc Pad,34038
MXNK2HN/A,GD103AR18M1,MXNK2HN/A Smart Keyboard Folio for iPad Air (4th Gen) & iPad Pro 11-inch (2nd Gen) - Space Grey:Apple:M-Acc Pad,Apple,M-Acc Pad,34039
MXNL2HN/A,GD103AR10M1,MXNL2HN/A Smart Keyboard Folio for 12.9-inch iPad Pro (4th Gen) - Space Grey:Apple:M-Acc Pad,Apple,M-Acc Pad,34040
MXQT2HN/A,GD103AR11M1,MXQT2HN/A Magic Keyboard for iPad Air (4th Gen) & iPad Pro 11-inch (2nd Gen) - Space Grey:Apple:M-Acc Pad,Apple,M-Acc Pad,34041
MXQU2HN/A,GD103AR19M1,MXQU2HN/A Magic Keyboard for 12.9-inch iPad Pro (4th Gen) - Space Grey:Apple:M-Acc Pad,Apple,M-Acc Pad,34042
MXK22ZM/A,GD103AR09M1,MXK22ZM/A Lightning to 3.5 mm Audio Cable (1.2m) - White:Apple:A-Connector,Apple,A-Connector,34043
MRJ62ZM/A,GD103AT74M1,MRJ62ZM/A Beats Solo Pro Wireless Noise Cancelling Headphones - Black:Beats:G-Boom Headset,Beats,G-Boom Headset,34044
MX432ZM/A,GD103AT76M1,MX432ZM/A Beats Solo3 Wireless Headphones - Black:Beats:G-Boom Headset,Beats,G-Boom Headset,34045
ML4M2HN/A,GD103AT81M1,ML4M2HN/A Beats Pill+ Speaker - Black:Beats:G-BT Speaker,Beats,G-BT Speaker,34046
ML992ZM/A,GD103Z403M1,ML992ZM/A Beats EP On-Ear Headphones - Black:Beats:G-Boom Headset,Beats,G-Boom Headset,34047
MV6Y2ZM/A,GD103Z406M1,MV6Y2ZM/A Powerbeats Pro Totally Wireless Earphones - Black:Beats:M-True Wireless (TWS),Beats,M-True Wireless (TWS),34048
MWNV2ZM/A,GD103AT77M1,MWNV2ZM/A Powerbeats High-Performance Wireless Earphones - Black:Beats:M-Bluetooth,Beats,M-Bluetooth,34049
MX3X2ZM/A,GD103AT78M1,MX3X2ZM/A Beats Studio3 Wireless Over-Ear Headphones - Matte Black:Beats:G-Boom Headset,Beats,G-Boom Headset,34050
MX422ZM/A,GD103AT79M1,MX422ZM/A Beats Studio3 Wireless Over-Ear Headphones - The Beats Decade Collection - Defiant Black/Red:Beats:G-Boom Headset,Beats,G-Boom Headset,34051
MXJA2ZM/A,GD103AT80M1,MXJA2ZM/A Beats Studio3 Wireless Over-Ear Headphones – The Beats Skyline Collection - Midnight Black:Beats:G-Boom Headset,Beats,G-Boom Headset,34052
MYME2ZM/A,GD103AR55M1,MYME2ZM/A Beats Flex - Smoke Gray:Beats:M-Bluetooth,Beats,M-Bluetooth,33420
MYMG2ZM/A,GD103AR54M1,MYMG2ZM/A Beats Flex - Flame Blue:Beats:M-Bluetooth,Beats,M-Bluetooth,33421
MHXF3ZM/A,GD103AR80M1,MHXF3ZM/A Magsafe Duo Charger Cable - White:Apple:A-Data Cable,Apple,A-Data Cable,34055
MA854G/A,GD103AT71M1,MA854G/A Apple iPhone TTY Adapter - White:Apple:M-Acc Phone,Apple,M-Acc Phone,34056
MD837ZM/A,GD103AT70M1,MD837ZM/A - Apple World Travel Adapter Kit:Apple:M-Acc Mac,Apple,M-Acc Mac,23218
MWP32ZM/A,GD103AT67M1,MWP32ZM/A Thunderbolt 3 Pro Cable (2 m) - White:Apple:A-Data Cable,Apple,A-Data Cable,34057
MY1W2HN/A,GD103AN91M1,MY1W2HN/A 30W USB-C Power Adapter - White:Apple:A-Charger,Apple,A-Charger,34058
MJ4V3ZM/A,GD103AU46M1,MJ4V3ZM/A 40mm Black Unity Sport Band - Regular:Apple:M-Apple Watch Band,Apple,M-Apple Watch Band,34059
MJ4W3ZM/A,GD103AU33M1,MJ4W3ZM/A 44mm Black Unity Sport Band - Regular:Apple:M-Apple Watch Band,Apple,M-Apple Watch Band,34060
MY1X2ZM/A,GD103AU30M1,MY1X2ZM/A 40mm Pride Edition Sport Band - Regular:Apple:M-Apple Watch Band,Apple,M-Apple Watch Band,34061
MY1Y2ZM/A,GD103AU30 M1,MY1Y2ZM/A 44mm Pride Edition Sport Band - Regular:Apple:M-Apple Watch Band,Apple,M-Apple Watch Band,34062
MYAY2ZM/A,GD103AU53M1,MYAY2ZM/A 40mm Kumquat Sport Band - Regular:Apple:M-Apple Watch Band,Apple,M-Apple Watch Band,34063
MYD02ZM/A,GD103AU54M1,MYD02ZM/A 40mm Northern Blue Sport Band - Regular:Apple:M-Apple Watch Band,Apple,M-Apple Watch Band,34064
MYD12ZM/A,GD103AU56M1,MYD12ZM/A 40mm Plum Sport Band - Regular:Apple:M-Apple Watch Band,Apple,M-Apple Watch Band,34065
MYD22ZM/A,GD103AU55M1,MYD22ZM/A 44mm Kumquat Sport Band - Regular:Apple:M-Apple Watch Band,Apple,M-Apple Watch Band,34066
MYD32ZM/A,GD103AU57M1,MYD32ZM/A 44mm Northern Blue Sport Band - Regular:Apple:M-Apple Watch Band,Apple,M-Apple Watch Band,34067
MYD42ZM/A,GD103AU58M1,MYD42ZM/A 44mm Plum Sport Band - Regular:Apple:M-Apple Watch Band,Apple,M-Apple Watch Band,34068
MYD52ZM/A,GD103AU59M1,MYD52ZM/A 40mm Pride Edition Nike Sport Band - Regular:Apple:M-Apple Watch Band,Apple,M-Apple Watch Band,34069
MYD62ZM/A,GD103AU47M1,MYD62ZM/A 44mm Pride Edition Nike Sport Band - Regular:Apple:M-Apple Watch Band,Apple,M-Apple Watch Band,34070
MJNM3HN/A,GD103AY72M3,MJNM3HN/A  IPHONE 12 64GB - Purple:Apple:M-Mobile,Apple,M-Mobile,33794
MJNP3HN/A,GD103AY67M3,MJNP3HN/A I PHONE 12 128GB - Purple:Apple:M-Mobile,Apple,M-Mobile,33795
MJNQ3HN/A,GD103AY68M3,MJNQ3HN/A I PHONE 12 256GB - Purple:Apple:M-Mobile,Apple,M-Mobile,33796
MJQF3HN/A,GD103AY71M3,MJQF3HN/A I PHONE 12 MINI 64GB - Purple:Apple:M-Mobile,Apple,M-Mobile,33797
MJQG3HN/A,GD103AY70M3,MJQG3HN/A I PHONE 12 MINI 128GB - Purple:Apple:M-Mobile,Apple,M-Mobile,33798
MJQH3HN/A,GD103AY69M3,MJQH3HN/A I PHONE 12 MINI 256GB - Purple:Apple:M-Mobile,Apple,M-Mobile,33799
MX532ZM/A,GD103AZ32M1,MX532ZM/A AirTag (1 Pack) - White:Apple:G-Smart Tracker,Apple,G-Smart Tracker,33894
MX542ZM/A,GD103AZ21M1,MX542ZM/A AirTag (4 Pack):Apple:G-Smart Tracker,Apple,G-Smart Tracker,34071
MHJ03ZM/A,GD103AZ25M1,MHJ03ZM/A AirTag Loop - Deep Navy:Apple:G-Smart Tracker Acc,Apple,G-Smart Tracker Acc,34072
MHJ23ZM/A,GD103AZ29M1,MHJ23ZM/A AirTag Leather Key Ring - Baltic Blue,Apple,G-Smart Tracker Acc,34079
MK0V3ZM/A,GD103AZ27M1,MK0V3ZM/A AirTag Leather Loop - Red:Apple:G-Smart Tracker Acc,Apple,G-Smart Tracker Acc,34073
MK103ZM/A,GD103AZ30M1,MK103ZM/A AirTag Leather Key Ring - Red,Apple,G-Smart Tracker Acc,34080
MX4A2ZM/A,GD103AZ28M1,MX4A2ZM/A AirTag Leather Loop - Saddle Brown:Apple:G-Smart Tracker Acc,Apple,G-Smart Tracker Acc,34074
MX4F2ZM/A,GD103AZ26M1,MX4F2ZM/A AirTag Loop - White:Apple:G-Smart Tracker Acc,Apple,G-Smart Tracker Acc,34075
MX4M2ZM/A,GD103AZ31M1,MX4M2ZM/A AirTag Leather Key Ring - Saddle Brown,Apple,G-Smart Tracker Acc,34078
MXNF2HN/A,GD103X662M1,MXNF2HN/A Mac Mini 3.6GHz 8 Gen i3,Apple,M-Mac,34077
MVH42HN/A,GD103X657E1,"MVH42HN/A - 13"" MacBook Air 1.1GHz quad 10 Gen i5-512GB-Silver:Apple:M-Mac",Apple,M-Mac,31098
MVH22HN/A,GD103X656M1,"MVH22HN/A - 13"" MacBook Air 1.1GHz quad 10 Gen i5-512GB-Space Grey:Apple:M-Mac",Apple,M-Mac,31097
MWTL2HN/A,GD103X661M1,"MWTL2HN/A - 13"" MacBook Air 1.1GHz dual 10 Gen i3-256GB-Gold:Apple:M-Mac",Apple,M-Mac,31096
MXK72HN/A,GD103Z030M1,MXK72HN/A - 13-inch MacBook Pro with Touch Bar 1.4GHz quad-core 8th-Gen Intel Core i5 processor - 512GB - Silver:Apple:M-Mac,Apple,M-Mac,31103
MXK52HN/A,GD103Z043M1,MXK52HN/A - 13-inch MacBook Pro with Touch Bar 1.4GHz quad-core 8th-Gen Intel Core i5 processor - 512GB - Space Grey:Apple:M-Mac,Apple,M-Mac,31102
MXK32HN/A,GD103Z042E1,MXK32HN/A - 13-inch MacBook Pro with Touch Bar 1.4GHz quad-core 8th-Gen Intel Core i5 processor - 256GB - Space Grey:Apple:M-Mac,Apple,M-Mac,31100
